"file","caption","category","png_time","StartTime","basename","dirname","dirname2","path"
"bio1_sizeatage.png","Length at age in the beginning of the year (or season) in the ending year of the model. Shaded area indicates 95% distribution of length at age around estimated growth curve.","Bio",2016-10-25 16:42:14,"StartTime: Tue May 12 11:25:22 2015","bio1_sizeatage.png",".",".","./bio1_sizeatage.png"
"bio2_sizeatage_plus_CV_and_SD.png","Length at age (top-left panel) with CV (thick line) and SD (thin line) of length at age shown in top-right and lower-left panels","Bio",2016-10-25 16:42:14,"StartTime: Tue May 12 11:25:22 2015","bio2_sizeatage_plus_CV_and_SD.png",".",".","./bio2_sizeatage_plus_CV_and_SD.png"
"bio3_sizeatage_plus_WT_and_MAT.png","Length at age (top-left panel) with weight (thick line) and maturity (thin line) shown in top-right and lower-left panels","Bio",2016-10-25 16:42:14,"StartTime: Tue May 12 11:25:22 2015","bio3_sizeatage_plus_WT_and_MAT.png",".",".","./bio3_sizeatage_plus_WT_and_MAT.png"
"bio4_weightatsize.png","Weight-length relationship for females","Bio",2016-10-25 16:42:14,"StartTime: Tue May 12 11:25:22 2015","bio4_weightatsize.png",".",".","./bio4_weightatsize.png"
"bio5_maturity.png","Maturity at length","Bio",2016-10-25 16:42:14,"StartTime: Tue May 12 11:25:22 2015","bio5_maturity.png",".",".","./bio5_maturity.png"
"bio6_fecundity.png","Fecundity","Bio",2016-10-25 16:42:14,"StartTime: Tue May 12 11:25:22 2015","bio6_fecundity.png",".",".","./bio6_fecundity.png"
"bio7_fecundity_wt.png","Fecundity as a function of weight","Bio",2016-10-25 16:42:14,"StartTime: Tue May 12 11:25:22 2015","bio7_fecundity_wt.png",".",".","./bio7_fecundity_wt.png"
"bio8_fecundity_len.png","Fecundity as a function of length","Bio",2016-10-25 16:42:14,"StartTime: Tue May 12 11:25:22 2015","bio8_fecundity_len.png",".",".","./bio8_fecundity_len.png"
"bio9_spawningoutput.png","Spawning output at length","Bio",2016-10-25 16:42:14,"StartTime: Tue May 12 11:25:22 2015","bio9_spawningoutput.png",".",".","./bio9_spawningoutput.png"
"sel01_multiple_fleets_length1.png","Selectivity at length for multiple fleets.","Sel",2016-10-25 16:42:14,"StartTime: Tue May 12 11:25:22 2015","sel01_multiple_fleets_length1.png",".",".","./sel01_multiple_fleets_length1.png"
"sel02_multiple_fleets_age1.png","Selectivity at age for multiple fleets.","Sel",2016-10-25 16:42:14,"StartTime: Tue May 12 11:25:22 2015","sel02_multiple_fleets_age1.png",".",".","./sel02_multiple_fleets_age1.png"
"sel02_multiple_fleets_age2.png","Selectivity at age derived from selectivity at length for multiple fleets.","Sel",2016-10-25 16:42:14,"StartTime: Tue May 12 11:25:22 2015","sel02_multiple_fleets_age2.png",".",".","./sel02_multiple_fleets_age2.png"
"sel03_len_timevary_surf_flt1sex1.png","Surface plot of Female time-varying selectivity for WinterN","Sel",2016-10-25 16:42:14,"StartTime: Tue May 12 11:25:22 2015","sel03_len_timevary_surf_flt1sex1.png",".",".","./sel03_len_timevary_surf_flt1sex1.png"
"sel04_len_timevary_contour_flt1sex1.png","Countour plot of Female time-varying selectivity for WinterN","Sel",2016-10-25 16:42:14,"StartTime: Tue May 12 11:25:22 2015","sel04_len_timevary_contour_flt1sex1.png",".",".","./sel04_len_timevary_contour_flt1sex1.png"
"sel05_timevary_ret_surf_flt1sex1.png","Surface plot of Female time-varying retention for WinterN","Sel",2016-10-25 16:42:14,"StartTime: Tue May 12 11:25:22 2015","sel05_timevary_ret_surf_flt1sex1.png",".",".","./sel05_timevary_ret_surf_flt1sex1.png"
"sel06_timevary_ret_contour_flt1sex1.png","Countour plot of Female time-varying retention for WinterN","Sel",2016-10-25 16:42:14,"StartTime: Tue May 12 11:25:22 2015","sel06_timevary_ret_contour_flt1sex1.png",".",".","./sel06_timevary_ret_contour_flt1sex1.png"
"sel09_len_flt1sex1.png","Female ending year selectivity for WinterN","Sel",2016-10-25 16:42:14,"StartTime: Tue May 12 11:25:22 2015","sel09_len_flt1sex1.png",".",".","./sel09_len_flt1sex1.png"
"sel03_len_timevary_surf_flt1sex2.png","Surface plot of Male time-varying selectivity for WinterN","Sel",2016-10-25 16:42:14,"StartTime: Tue May 12 11:25:22 2015","sel03_len_timevary_surf_flt1sex2.png",".",".","./sel03_len_timevary_surf_flt1sex2.png"
"sel04_len_timevary_contour_flt1sex2.png","Countour plot of Male time-varying selectivity for WinterN","Sel",2016-10-25 16:42:14,"StartTime: Tue May 12 11:25:22 2015","sel04_len_timevary_contour_flt1sex2.png",".",".","./sel04_len_timevary_contour_flt1sex2.png"
"sel05_timevary_ret_surf_flt1sex2.png","Surface plot of Male time-varying retention for WinterN","Sel",2016-10-25 16:42:14,"StartTime: Tue May 12 11:25:22 2015","sel05_timevary_ret_surf_flt1sex2.png",".",".","./sel05_timevary_ret_surf_flt1sex2.png"
"sel06_timevary_ret_contour_flt1sex2.png","Countour plot of Male time-varying retention for WinterN","Sel",2016-10-25 16:42:14,"StartTime: Tue May 12 11:25:22 2015","sel06_timevary_ret_contour_flt1sex2.png",".",".","./sel06_timevary_ret_contour_flt1sex2.png"
"sel09_len_flt1sex2.png","Male ending year selectivity for WinterN","Sel",2016-10-25 16:42:14,"StartTime: Tue May 12 11:25:22 2015","sel09_len_flt1sex2.png",".",".","./sel09_len_flt1sex2.png"
"sel03_len_timevary_surf_flt2sex1.png","Surface plot of Female time-varying selectivity for SummerN","Sel",2016-10-25 16:42:14,"StartTime: Tue May 12 11:25:22 2015","sel03_len_timevary_surf_flt2sex1.png",".",".","./sel03_len_timevary_surf_flt2sex1.png"
"sel04_len_timevary_contour_flt2sex1.png","Countour plot of Female time-varying selectivity for SummerN","Sel",2016-10-25 16:42:14,"StartTime: Tue May 12 11:25:22 2015","sel04_len_timevary_contour_flt2sex1.png",".",".","./sel04_len_timevary_contour_flt2sex1.png"
"sel05_timevary_ret_surf_flt2sex1.png","Surface plot of Female time-varying retention for SummerN","Sel",2016-10-25 16:42:14,"StartTime: Tue May 12 11:25:22 2015","sel05_timevary_ret_surf_flt2sex1.png",".",".","./sel05_timevary_ret_surf_flt2sex1.png"
"sel06_timevary_ret_contour_flt2sex1.png","Countour plot of Female time-varying retention for SummerN","Sel",2016-10-25 16:42:14,"StartTime: Tue May 12 11:25:22 2015","sel06_timevary_ret_contour_flt2sex1.png",".",".","./sel06_timevary_ret_contour_flt2sex1.png"
"sel09_len_flt2sex1.png","Female ending year selectivity for SummerN","Sel",2016-10-25 16:42:14,"StartTime: Tue May 12 11:25:22 2015","sel09_len_flt2sex1.png",".",".","./sel09_len_flt2sex1.png"
"sel03_len_timevary_surf_flt2sex2.png","Surface plot of Male time-varying selectivity for SummerN","Sel",2016-10-25 16:42:14,"StartTime: Tue May 12 11:25:22 2015","sel03_len_timevary_surf_flt2sex2.png",".",".","./sel03_len_timevary_surf_flt2sex2.png"
"sel04_len_timevary_contour_flt2sex2.png","Countour plot of Male time-varying selectivity for SummerN","Sel",2016-10-25 16:42:14,"StartTime: Tue May 12 11:25:22 2015","sel04_len_timevary_contour_flt2sex2.png",".",".","./sel04_len_timevary_contour_flt2sex2.png"
"sel05_timevary_ret_surf_flt2sex2.png","Surface plot of Male time-varying retention for SummerN","Sel",2016-10-25 16:42:14,"StartTime: Tue May 12 11:25:22 2015","sel05_timevary_ret_surf_flt2sex2.png",".",".","./sel05_timevary_ret_surf_flt2sex2.png"
"sel06_timevary_ret_contour_flt2sex2.png","Countour plot of Male time-varying retention for SummerN","Sel",2016-10-25 16:42:14,"StartTime: Tue May 12 11:25:22 2015","sel06_timevary_ret_contour_flt2sex2.png",".",".","./sel06_timevary_ret_contour_flt2sex2.png"
"sel09_len_flt2sex2.png","Male ending year selectivity for SummerN","Sel",2016-10-25 16:42:14,"StartTime: Tue May 12 11:25:22 2015","sel09_len_flt2sex2.png",".",".","./sel09_len_flt2sex2.png"
"sel03_len_timevary_surf_flt3sex1.png","Surface plot of Female time-varying selectivity for WinterS","Sel",2016-10-25 16:42:14,"StartTime: Tue May 12 11:25:22 2015","sel03_len_timevary_surf_flt3sex1.png",".",".","./sel03_len_timevary_surf_flt3sex1.png"
"sel04_len_timevary_contour_flt3sex1.png","Countour plot of Female time-varying selectivity for WinterS","Sel",2016-10-25 16:42:14,"StartTime: Tue May 12 11:25:22 2015","sel04_len_timevary_contour_flt3sex1.png",".",".","./sel04_len_timevary_contour_flt3sex1.png"
"sel05_timevary_ret_surf_flt3sex1.png","Surface plot of Female time-varying retention for WinterS","Sel",2016-10-25 16:42:14,"StartTime: Tue May 12 11:25:22 2015","sel05_timevary_ret_surf_flt3sex1.png",".",".","./sel05_timevary_ret_surf_flt3sex1.png"
"sel06_timevary_ret_contour_flt3sex1.png","Countour plot of Female time-varying retention for WinterS","Sel",2016-10-25 16:42:14,"StartTime: Tue May 12 11:25:22 2015","sel06_timevary_ret_contour_flt3sex1.png",".",".","./sel06_timevary_ret_contour_flt3sex1.png"
"sel09_len_flt3sex1.png","Female ending year selectivity for WinterS","Sel",2016-10-25 16:42:14,"StartTime: Tue May 12 11:25:22 2015","sel09_len_flt3sex1.png",".",".","./sel09_len_flt3sex1.png"
"sel03_len_timevary_surf_flt3sex2.png","Surface plot of Male time-varying selectivity for WinterS","Sel",2016-10-25 16:42:14,"StartTime: Tue May 12 11:25:22 2015","sel03_len_timevary_surf_flt3sex2.png",".",".","./sel03_len_timevary_surf_flt3sex2.png"
"sel04_len_timevary_contour_flt3sex2.png","Countour plot of Male time-varying selectivity for WinterS","Sel",2016-10-25 16:42:14,"StartTime: Tue May 12 11:25:22 2015","sel04_len_timevary_contour_flt3sex2.png",".",".","./sel04_len_timevary_contour_flt3sex2.png"
"sel05_timevary_ret_surf_flt3sex2.png","Surface plot of Male time-varying retention for WinterS","Sel",2016-10-25 16:42:14,"StartTime: Tue May 12 11:25:22 2015","sel05_timevary_ret_surf_flt3sex2.png",".",".","./sel05_timevary_ret_surf_flt3sex2.png"
"sel06_timevary_ret_contour_flt3sex2.png","Countour plot of Male time-varying retention for WinterS","Sel",2016-10-25 16:42:14,"StartTime: Tue May 12 11:25:22 2015","sel06_timevary_ret_contour_flt3sex2.png",".",".","./sel06_timevary_ret_contour_flt3sex2.png"
"sel09_len_flt3sex2.png","Male ending year selectivity for WinterS","Sel",2016-10-25 16:42:14,"StartTime: Tue May 12 11:25:22 2015","sel09_len_flt3sex2.png",".",".","./sel09_len_flt3sex2.png"
"sel03_len_timevary_surf_flt4sex1.png","Surface plot of Female time-varying selectivity for SummerS","Sel",2016-10-25 16:42:14,"StartTime: Tue May 12 11:25:22 2015","sel03_len_timevary_surf_flt4sex1.png",".",".","./sel03_len_timevary_surf_flt4sex1.png"
"sel04_len_timevary_contour_flt4sex1.png","Countour plot of Female time-varying selectivity for SummerS","Sel",2016-10-25 16:42:14,"StartTime: Tue May 12 11:25:22 2015","sel04_len_timevary_contour_flt4sex1.png",".",".","./sel04_len_timevary_contour_flt4sex1.png"
"sel05_timevary_ret_surf_flt4sex1.png","Surface plot of Female time-varying retention for SummerS","Sel",2016-10-25 16:42:14,"StartTime: Tue May 12 11:25:22 2015","sel05_timevary_ret_surf_flt4sex1.png",".",".","./sel05_timevary_ret_surf_flt4sex1.png"
"sel06_timevary_ret_contour_flt4sex1.png","Countour plot of Female time-varying retention for SummerS","Sel",2016-10-25 16:42:14,"StartTime: Tue May 12 11:25:22 2015","sel06_timevary_ret_contour_flt4sex1.png",".",".","./sel06_timevary_ret_contour_flt4sex1.png"
"sel09_len_flt4sex1.png","Female ending year selectivity for SummerS","Sel",2016-10-25 16:42:14,"StartTime: Tue May 12 11:25:22 2015","sel09_len_flt4sex1.png",".",".","./sel09_len_flt4sex1.png"
"sel03_len_timevary_surf_flt4sex2.png","Surface plot of Male time-varying selectivity for SummerS","Sel",2016-10-25 16:42:14,"StartTime: Tue May 12 11:25:22 2015","sel03_len_timevary_surf_flt4sex2.png",".",".","./sel03_len_timevary_surf_flt4sex2.png"
"sel04_len_timevary_contour_flt4sex2.png","Countour plot of Male time-varying selectivity for SummerS","Sel",2016-10-25 16:42:14,"StartTime: Tue May 12 11:25:22 2015","sel04_len_timevary_contour_flt4sex2.png",".",".","./sel04_len_timevary_contour_flt4sex2.png"
"sel05_timevary_ret_surf_flt4sex2.png","Surface plot of Male time-varying retention for SummerS","Sel",2016-10-25 16:42:14,"StartTime: Tue May 12 11:25:22 2015","sel05_timevary_ret_surf_flt4sex2.png",".",".","./sel05_timevary_ret_surf_flt4sex2.png"
"sel06_timevary_ret_contour_flt4sex2.png","Countour plot of Male time-varying retention for SummerS","Sel",2016-10-25 16:42:14,"StartTime: Tue May 12 11:25:22 2015","sel06_timevary_ret_contour_flt4sex2.png",".",".","./sel06_timevary_ret_contour_flt4sex2.png"
"sel09_len_flt4sex2.png","Male ending year selectivity for SummerS","Sel",2016-10-25 16:42:14,"StartTime: Tue May 12 11:25:22 2015","sel09_len_flt4sex2.png",".",".","./sel09_len_flt4sex2.png"
"sel09_len_flt5sex1.png","Female ending year selectivity for TriEarly","Sel",2016-10-25 16:42:14,"StartTime: Tue May 12 11:25:22 2015","sel09_len_flt5sex1.png",".",".","./sel09_len_flt5sex1.png"
"sel09_len_flt5sex2.png","Male ending year selectivity for TriEarly","Sel",2016-10-25 16:42:14,"StartTime: Tue May 12 11:25:22 2015","sel09_len_flt5sex2.png",".",".","./sel09_len_flt5sex2.png"
"sel09_len_flt6sex1.png","Female ending year selectivity for TriLate","Sel",2016-10-25 16:42:14,"StartTime: Tue May 12 11:25:22 2015","sel09_len_flt6sex1.png",".",".","./sel09_len_flt6sex1.png"
"sel09_len_flt6sex2.png","Male ending year selectivity for TriLate","Sel",2016-10-25 16:42:14,"StartTime: Tue May 12 11:25:22 2015","sel09_len_flt6sex2.png",".",".","./sel09_len_flt6sex2.png"
"sel09_len_flt7sex1.png","Female ending year selectivity for NWFSC","Sel",2016-10-25 16:42:14,"StartTime: Tue May 12 11:25:22 2015","sel09_len_flt7sex1.png",".",".","./sel09_len_flt7sex1.png"
"sel09_len_flt7sex2.png","Male ending year selectivity for NWFSC","Sel",2016-10-25 16:42:14,"StartTime: Tue May 12 11:25:22 2015","sel09_len_flt7sex2.png",".",".","./sel09_len_flt7sex2.png"
"sel21_agelen_contour_flt1sex1.png","Female ending year selectivity and growth for WinterN","Sel",2016-10-25 16:42:14,"StartTime: Tue May 12 11:25:22 2015","sel21_agelen_contour_flt1sex1.png",".",".","./sel21_agelen_contour_flt1sex1.png"
"sel21_agelen_contour_flt1sex2.png","Male ending year selectivity and growth for WinterN","Sel",2016-10-25 16:42:14,"StartTime: Tue May 12 11:25:22 2015","sel21_agelen_contour_flt1sex2.png",".",".","./sel21_agelen_contour_flt1sex2.png"
"sel21_agelen_contour_flt2sex1.png","Female ending year selectivity and growth for SummerN","Sel",2016-10-25 16:42:14,"StartTime: Tue May 12 11:25:22 2015","sel21_agelen_contour_flt2sex1.png",".",".","./sel21_agelen_contour_flt2sex1.png"
"sel21_agelen_contour_flt2sex2.png","Male ending year selectivity and growth for SummerN","Sel",2016-10-25 16:42:14,"StartTime: Tue May 12 11:25:22 2015","sel21_agelen_contour_flt2sex2.png",".",".","./sel21_agelen_contour_flt2sex2.png"
"sel21_agelen_contour_flt3sex1.png","Female ending year selectivity and growth for WinterS","Sel",2016-10-25 16:42:14,"StartTime: Tue May 12 11:25:22 2015","sel21_agelen_contour_flt3sex1.png",".",".","./sel21_agelen_contour_flt3sex1.png"
"sel21_agelen_contour_flt3sex2.png","Male ending year selectivity and growth for WinterS","Sel",2016-10-25 16:42:14,"StartTime: Tue May 12 11:25:22 2015","sel21_agelen_contour_flt3sex2.png",".",".","./sel21_agelen_contour_flt3sex2.png"
"sel21_agelen_contour_flt4sex1.png","Female ending year selectivity and growth for SummerS","Sel",2016-10-25 16:42:14,"StartTime: Tue May 12 11:25:22 2015","sel21_agelen_contour_flt4sex1.png",".",".","./sel21_agelen_contour_flt4sex1.png"
"sel21_agelen_contour_flt4sex2.png","Male ending year selectivity and growth for SummerS","Sel",2016-10-25 16:42:14,"StartTime: Tue May 12 11:25:22 2015","sel21_agelen_contour_flt4sex2.png",".",".","./sel21_agelen_contour_flt4sex2.png"
"sel21_agelen_contour_flt5sex1.png","Female ending year selectivity and growth for TriEarly","Sel",2016-10-25 16:42:14,"StartTime: Tue May 12 11:25:22 2015","sel21_agelen_contour_flt5sex1.png",".",".","./sel21_agelen_contour_flt5sex1.png"
"sel21_agelen_contour_flt5sex2.png","Male ending year selectivity and growth for TriEarly","Sel",2016-10-25 16:42:14,"StartTime: Tue May 12 11:25:22 2015","sel21_agelen_contour_flt5sex2.png",".",".","./sel21_agelen_contour_flt5sex2.png"
"sel21_agelen_contour_flt6sex1.png","Female ending year selectivity and growth for TriLate","Sel",2016-10-25 16:42:14,"StartTime: Tue May 12 11:25:22 2015","sel21_agelen_contour_flt6sex1.png",".",".","./sel21_agelen_contour_flt6sex1.png"
"sel21_agelen_contour_flt6sex2.png","Male ending year selectivity and growth for TriLate","Sel",2016-10-25 16:42:14,"StartTime: Tue May 12 11:25:22 2015","sel21_agelen_contour_flt6sex2.png",".",".","./sel21_agelen_contour_flt6sex2.png"
"sel21_agelen_contour_flt7sex1.png","Female ending year selectivity and growth for NWFSC","Sel",2016-10-25 16:42:14,"StartTime: Tue May 12 11:25:22 2015","sel21_agelen_contour_flt7sex1.png",".",".","./sel21_agelen_contour_flt7sex1.png"
"sel21_agelen_contour_flt7sex2.png","Male ending year selectivity and growth for NWFSC","Sel",2016-10-25 16:42:14,"StartTime: Tue May 12 11:25:22 2015","sel21_agelen_contour_flt7sex2.png",".",".","./sel21_agelen_contour_flt7sex2.png"
"ts1_Total_biomass_(mt).png","Total biomass (mt)","Timeseries",2016-10-25 16:42:14,"StartTime: Tue May 12 11:25:22 2015","ts1_Total_biomass_(mt).png",".",".","./ts1_Total_biomass_(mt).png"
"ts4_Summary_biomass_(mt).png","Summary biomass (mt)","Timeseries",2016-10-25 16:42:14,"StartTime: Tue May 12 11:25:22 2015","ts4_Summary_biomass_(mt).png",".",".","./ts4_Summary_biomass_(mt).png"
"ts7_Spawning_biomass_(mt).png","Spawning biomass (mt)","Timeseries",2016-10-25 16:42:14,"StartTime: Tue May 12 11:25:22 2015","ts7_Spawning_biomass_(mt).png",".",".","./ts7_Spawning_biomass_(mt).png"
"ts7_Spawning_biomass_(mt)_with_95_asymptotic_intervals_intervals.png","Spawning biomass (mt) with ~95% asymptotic intervals","Timeseries",2016-10-25 16:42:14,"StartTime: Tue May 12 11:25:22 2015","ts7_Spawning_biomass_(mt)_with_95_asymptotic_intervals_intervals.png",".",".","./ts7_Spawning_biomass_(mt)_with_95_asymptotic_intervals_intervals.png"
"ts9_Spawning_depletion.png","Spawning depletion","Timeseries",2016-10-25 16:42:14,"StartTime: Tue May 12 11:25:22 2015","ts9_Spawning_depletion.png",".",".","./ts9_Spawning_depletion.png"
"ts9_Spawning_depletion_with_95_asymptotic_intervals_intervals.png","Spawning depletion with ~95% asymptotic intervals","Timeseries",2016-10-25 16:42:14,"StartTime: Tue May 12 11:25:22 2015","ts9_Spawning_depletion_with_95_asymptotic_intervals_intervals.png",".",".","./ts9_Spawning_depletion_with_95_asymptotic_intervals_intervals.png"
"ts11_Age-0_recruits_(1000s).png","Age-0 recruits (1,000s)","Timeseries",2016-10-25 16:42:14,"StartTime: Tue May 12 11:25:22 2015","ts11_Age-0_recruits_(1000s).png",".",".","./ts11_Age-0_recruits_(1000s).png"
"ts11_Age-0_recruits_(1000s)_with_95_asymptotic_intervals.png","Age-0 recruits (1,000s) with ~95% asymptotic intervals","Timeseries",2016-10-25 16:42:14,"StartTime: Tue May 12 11:25:22 2015","ts11_Age-0_recruits_(1000s)_with_95_asymptotic_intervals.png",".",".","./ts11_Age-0_recruits_(1000s)_with_95_asymptotic_intervals.png"
"ts_summaryF.png","Summary F (definition of F depends on setting in starter.ss)","Timeseries",2016-10-25 16:42:14,"StartTime: Tue May 12 11:25:22 2015","ts_summaryF.png",".",".","./ts_summaryF.png"
"recdevs1_points.png","Recruitment deviations","RecDev",2016-10-25 16:42:14,"StartTime: Tue May 12 11:25:22 2015","recdevs1_points.png",".",".","./recdevs1_points.png"
"recdevs2_withbars.png","Recruitment deviations with 95% intervals","RecDev",2016-10-25 16:42:14,"StartTime: Tue May 12 11:25:22 2015","recdevs2_withbars.png",".",".","./recdevs2_withbars.png"
"recdevs3_varcheck.png","Recruitment deviations variance check.<br> See later figure of transformed variance values for comparison with bias adjustment settings in the model.","RecDev",2016-10-25 16:42:14,"StartTime: Tue May 12 11:25:22 2015","recdevs3_varcheck.png",".",".","./recdevs3_varcheck.png"
"recruit_fit_bias_adjust.png","Points are transformed variances. Red line shows current settings forfor bias adjustment specified in control file.Blue line shows least squares estimate of alternative bias adjustmentrelationship for recruitment deviations (which may or may not be animprovement. For more information, see<br> 
<blockquote>Methot, R.D. and Taylor, I.G., 2011. Adjusting for bias due to variability of estimated recruitments in fishery assessment models. <i>Can. J. Fish. Aquat. Sci.</i>, 68:1744-1760.</blockquote><br> 
Estimated alternative inputs to SS control file associated with blue line in figure: 
<pre>1943.7   #_last_early_yr_nobias_adj_in_MPD 
1965.6   #_first_yr_fullbias_adj_in_MPD 
2010.6   #_last_yr_fullbias_adj_in_MPD 
2013.5   #_first_recent_yr_nobias_adj_in_MPD 
0.7992   #_max_bias_adj_in_MPD (1.0 to mimic pre-2009 models)   </pre>","RecDev",2016-10-25 16:42:14,"StartTime: Tue May 12 11:25:22 2015","recruit_fit_bias_adjust.png",".",".","./recruit_fit_bias_adjust.png"
"SR_curve.png","Spawner-recruit curve","S-R",2016-10-25 16:42:14,"StartTime: Tue May 12 11:25:22 2015","SR_curve.png",".",".","./SR_curve.png"
"SR_curve2.png","Spawner-recruit curve with labels on first, last, and years with (log) deviations > 0.5","S-R",2016-10-25 16:42:14,"StartTime: Tue May 12 11:25:22 2015","SR_curve2.png",".",".","./SR_curve2.png"
"catch1 landings.png","landings","Catch",2016-10-25 16:42:14,"StartTime: Tue May 12 11:25:22 2015","catch1 landings.png",".",".","./catch1 landings.png"
"catch2 landings stacked.png","landings stacked","Catch",2016-10-25 16:42:14,"StartTime: Tue May 12 11:25:22 2015","catch2 landings stacked.png",".",".","./catch2 landings stacked.png"
"catch4 total catch (including discards).png","total catch (including discards)","Catch",2016-10-25 16:42:14,"StartTime: Tue May 12 11:25:22 2015","catch4 total catch (including discards).png",".",".","./catch4 total catch (including discards).png"
"catch5 total catch (including discards) stacked.png","total catch (including discards) stacked","Catch",2016-10-25 16:42:14,"StartTime: Tue May 12 11:25:22 2015","catch5 total catch (including discards) stacked.png",".",".","./catch5 total catch (including discards) stacked.png"
"catch6 discards.png","discards","Catch",2016-10-25 16:42:14,"StartTime: Tue May 12 11:25:22 2015","catch6 discards.png",".",".","./catch6 discards.png"
"catch7 discards stacked plot (depends on multiple fleets).png","discards stacked plot (depends on multiple fleets)","Catch",2016-10-25 16:42:14,"StartTime: Tue May 12 11:25:22 2015","catch7 discards stacked plot (depends on multiple fleets).png",".",".","./catch7 discards stacked plot (depends on multiple fleets).png"
"catch8 discard fraction.png","discard fraction","Catch",2016-10-25 16:42:14,"StartTime: Tue May 12 11:25:22 2015","catch8 discard fraction.png",".",".","./catch8 discard fraction.png"
"catch9 harvest rate.png","harvest rate","Catch",2016-10-25 16:42:14,"StartTime: Tue May 12 11:25:22 2015","catch9 harvest rate.png",".",".","./catch9 harvest rate.png"
"SPR1_series.png","Timeseries of SPR","SPR",2016-10-25 16:42:14,"StartTime: Tue May 12 11:25:22 2015","SPR1_series.png",".",".","./SPR1_series.png"
"SPR2_minusSPRseries.png","Timeseries of 1-SPR","SPR",2016-10-25 16:42:14,"StartTime: Tue May 12 11:25:22 2015","SPR2_minusSPRseries.png",".",".","./SPR2_minusSPRseries.png"
"SPR3_ratiointerval.png","Timeseries of SPR ratio","SPR",2016-10-25 16:42:14,"StartTime: Tue May 12 11:25:22 2015","SPR3_ratiointerval.png",".",".","./SPR3_ratiointerval.png"
"SPR4_phase.png","Phase plot of biomass ratio vs. SPR ratio","SPR",2016-10-25 16:42:14,"StartTime: Tue May 12 11:25:22 2015","SPR4_phase.png",".",".","./SPR4_phase.png"
"discard_dataWinterN.png","Discard fraction for WinterN","Discard",2016-10-25 16:42:14,"StartTime: Tue May 12 11:25:22 2015","discard_dataWinterN.png",".",".","./discard_dataWinterN.png"
"discard_dataWinterN.png","Discard fraction for WinterN","Discard",2016-10-25 16:42:14,"StartTime: Tue May 12 11:25:22 2015","discard_dataWinterN.png",".",".","./discard_dataWinterN.png"
"discard_dataSummerN.png","Discard fraction for SummerN","Discard",2016-10-25 16:42:14,"StartTime: Tue May 12 11:25:22 2015","discard_dataSummerN.png",".",".","./discard_dataSummerN.png"
"discard_dataSummerN.png","Discard fraction for SummerN","Discard",2016-10-25 16:42:14,"StartTime: Tue May 12 11:25:22 2015","discard_dataSummerN.png",".",".","./discard_dataSummerN.png"
"discard_dataWinterS.png","Discard fraction for WinterS","Discard",2016-10-25 16:42:14,"StartTime: Tue May 12 11:25:22 2015","discard_dataWinterS.png",".",".","./discard_dataWinterS.png"
"discard_dataWinterS.png","Discard fraction for WinterS","Discard",2016-10-25 16:42:14,"StartTime: Tue May 12 11:25:22 2015","discard_dataWinterS.png",".",".","./discard_dataWinterS.png"
"discard_dataSummerS.png","Discard fraction for SummerS","Discard",2016-10-25 16:42:14,"StartTime: Tue May 12 11:25:22 2015","discard_dataSummerS.png",".",".","./discard_dataSummerS.png"
"discard_dataSummerS.png","Discard fraction for SummerS","Discard",2016-10-25 16:42:14,"StartTime: Tue May 12 11:25:22 2015","discard_dataSummerS.png",".",".","./discard_dataSummerS.png"
"bodywtfit_fltWinterN.png","Mean weight in discard for WinterN","Mnwt",2016-10-25 16:42:14,"StartTime: Tue May 12 11:25:22 2015","bodywtfit_fltWinterN.png",".",".","./bodywtfit_fltWinterN.png"
"bodywtfit_fltWinterN.png","Mean weight in discard for WinterN","Mnwt",2016-10-25 16:42:14,"StartTime: Tue May 12 11:25:22 2015","bodywtfit_fltWinterN.png",".",".","./bodywtfit_fltWinterN.png"
"bodywtfit_fltSummerN.png","Mean weight in discard for SummerN","Mnwt",2016-10-25 16:42:14,"StartTime: Tue May 12 11:25:22 2015","bodywtfit_fltSummerN.png",".",".","./bodywtfit_fltSummerN.png"
"bodywtfit_fltSummerN.png","Mean weight in discard for SummerN","Mnwt",2016-10-25 16:42:14,"StartTime: Tue May 12 11:25:22 2015","bodywtfit_fltSummerN.png",".",".","./bodywtfit_fltSummerN.png"
"bodywtfit_fltWinterS.png","Mean weight in discard for WinterS","Mnwt",2016-10-25 16:42:14,"StartTime: Tue May 12 11:25:22 2015","bodywtfit_fltWinterS.png",".",".","./bodywtfit_fltWinterS.png"
"bodywtfit_fltWinterS.png","Mean weight in discard for WinterS","Mnwt",2016-10-25 16:42:14,"StartTime: Tue May 12 11:25:22 2015","bodywtfit_fltWinterS.png",".",".","./bodywtfit_fltWinterS.png"
"bodywtfit_fltSummerS.png","Mean weight in discard for SummerS","Mnwt",2016-10-25 16:42:14,"StartTime: Tue May 12 11:25:22 2015","bodywtfit_fltSummerS.png",".",".","./bodywtfit_fltSummerS.png"
"bodywtfit_fltSummerS.png","Mean weight in discard for SummerS","Mnwt",2016-10-25 16:42:14,"StartTime: Tue May 12 11:25:22 2015","bodywtfit_fltSummerS.png",".",".","./bodywtfit_fltSummerS.png"
"index1_cpuedata_WinterN.png","Index data for WinterN. Lines indicate 95% uncertainty interval around index values. Thicker lines (if present) indicate input uncertainty before addition of estimated additional uncertainty parameter.","Index",2016-10-25 16:42:14,"StartTime: Tue May 12 11:25:22 2015","index1_cpuedata_WinterN.png",".",".","./index1_cpuedata_WinterN.png"
"index2_cpuefit_WinterN.png","Fit to index data for WinterN. Lines indicate 95% uncertainty interval around index values. Thicker lines (if present) indicate input uncertainty before addition of estimated additional uncertainty parameter.","Index",2016-10-25 16:42:14,"StartTime: Tue May 12 11:25:22 2015","index2_cpuefit_WinterN.png",".",".","./index2_cpuefit_WinterN.png"
"index3_cpuecheck_WinterN.png","Observed vs. expected index values with smoother for WinterN","Index",2016-10-25 16:42:14,"StartTime: Tue May 12 11:25:22 2015","index3_cpuecheck_WinterN.png",".",".","./index3_cpuecheck_WinterN.png"
"index4_logcpuedata_WinterN.png","Log index data for WinterN. Lines indicate 95% uncertainty interval around index values. Thicker lines (if present) indicate input uncertainty before addition of estimated additional uncertainty parameter.","Index",2016-10-25 16:42:14,"StartTime: Tue May 12 11:25:22 2015","index4_logcpuedata_WinterN.png",".",".","./index4_logcpuedata_WinterN.png"
"index5_logcpuefit_WinterN.png","Fit to log index data on log scale for WinterN. Lines indicate 95% uncertainty interval around index values. Thicker lines (if present) indicate input uncertainty before addition of estimated additional uncertainty parameter.","Index",2016-10-25 16:42:14,"StartTime: Tue May 12 11:25:22 2015","index5_logcpuefit_WinterN.png",".",".","./index5_logcpuefit_WinterN.png"
"index6_logcpuecheck_WinterN.png","log(observed) vs. log(expected) index values with smoother for WinterN","Index",2016-10-25 16:42:14,"StartTime: Tue May 12 11:25:22 2015","index6_logcpuecheck_WinterN.png",".",".","./index6_logcpuecheck_WinterN.png"
"index7_timevaryingQ_WinterN.png","Timeseries of catchability for WinterN","Index",2016-10-25 16:42:14,"StartTime: Tue May 12 11:25:22 2015","index7_timevaryingQ_WinterN.png",".",".","./index7_timevaryingQ_WinterN.png"
"index8_Q_vs_Vuln_bio_WinterN.png","Catchability vs. vulnerable biomass for fleet WinterN<br> 
This plot should illustrate curvature of nonlinear catchability relationship<br> 
Or reveal patterns associated with random-walk catchability<br> 
It was inspired by Jim Thorson, so blame him if you don't like it.","Index",2016-10-25 16:42:14,"StartTime: Tue May 12 11:25:22 2015","index8_Q_vs_Vuln_bio_WinterN.png",".",".","./index8_Q_vs_Vuln_bio_WinterN.png"
"index1_cpuedata_WinterS.png","Index data for WinterS. Lines indicate 95% uncertainty interval around index values. Thicker lines (if present) indicate input uncertainty before addition of estimated additional uncertainty parameter.","Index",2016-10-25 16:42:14,"StartTime: Tue May 12 11:25:22 2015","index1_cpuedata_WinterS.png",".",".","./index1_cpuedata_WinterS.png"
"index2_cpuefit_WinterS.png","Fit to index data for WinterS. Lines indicate 95% uncertainty interval around index values. Thicker lines (if present) indicate input uncertainty before addition of estimated additional uncertainty parameter.","Index",2016-10-25 16:42:14,"StartTime: Tue May 12 11:25:22 2015","index2_cpuefit_WinterS.png",".",".","./index2_cpuefit_WinterS.png"
"index3_cpuecheck_WinterS.png","Observed vs. expected index values with smoother for WinterS","Index",2016-10-25 16:42:14,"StartTime: Tue May 12 11:25:22 2015","index3_cpuecheck_WinterS.png",".",".","./index3_cpuecheck_WinterS.png"
"index4_logcpuedata_WinterS.png","Log index data for WinterS. Lines indicate 95% uncertainty interval around index values. Thicker lines (if present) indicate input uncertainty before addition of estimated additional uncertainty parameter.","Index",2016-10-25 16:42:14,"StartTime: Tue May 12 11:25:22 2015","index4_logcpuedata_WinterS.png",".",".","./index4_logcpuedata_WinterS.png"
"index5_logcpuefit_WinterS.png","Fit to log index data on log scale for WinterS. Lines indicate 95% uncertainty interval around index values. Thicker lines (if present) indicate input uncertainty before addition of estimated additional uncertainty parameter.","Index",2016-10-25 16:42:14,"StartTime: Tue May 12 11:25:22 2015","index5_logcpuefit_WinterS.png",".",".","./index5_logcpuefit_WinterS.png"
"index6_logcpuecheck_WinterS.png","log(observed) vs. log(expected) index values with smoother for WinterS","Index",2016-10-25 16:42:14,"StartTime: Tue May 12 11:25:22 2015","index6_logcpuecheck_WinterS.png",".",".","./index6_logcpuecheck_WinterS.png"
"index7_timevaryingQ_WinterS.png","Timeseries of catchability for WinterS","Index",2016-10-25 16:42:14,"StartTime: Tue May 12 11:25:22 2015","index7_timevaryingQ_WinterS.png",".",".","./index7_timevaryingQ_WinterS.png"
"index8_Q_vs_Vuln_bio_WinterS.png","Catchability vs. vulnerable biomass for fleet WinterS<br> 
This plot should illustrate curvature of nonlinear catchability relationship<br> 
Or reveal patterns associated with random-walk catchability<br> 
It was inspired by Jim Thorson, so blame him if you don't like it.","Index",2016-10-25 16:42:14,"StartTime: Tue May 12 11:25:22 2015","index8_Q_vs_Vuln_bio_WinterS.png",".",".","./index8_Q_vs_Vuln_bio_WinterS.png"
"index1_cpuedata_TriEarly.png","Index data for TriEarly. Lines indicate 95% uncertainty interval around index values. Thicker lines (if present) indicate input uncertainty before addition of estimated additional uncertainty parameter.","Index",2016-10-25 16:42:14,"StartTime: Tue May 12 11:25:22 2015","index1_cpuedata_TriEarly.png",".",".","./index1_cpuedata_TriEarly.png"
"index2_cpuefit_TriEarly.png","Fit to index data for TriEarly. Lines indicate 95% uncertainty interval around index values. Thicker lines (if present) indicate input uncertainty before addition of estimated additional uncertainty parameter.","Index",2016-10-25 16:42:14,"StartTime: Tue May 12 11:25:22 2015","index2_cpuefit_TriEarly.png",".",".","./index2_cpuefit_TriEarly.png"
"index3_cpuecheck_TriEarly.png","Observed vs. expected index values with smoother for TriEarly","Index",2016-10-25 16:42:14,"StartTime: Tue May 12 11:25:22 2015","index3_cpuecheck_TriEarly.png",".",".","./index3_cpuecheck_TriEarly.png"
"index4_logcpuedata_TriEarly.png","Log index data for TriEarly. Lines indicate 95% uncertainty interval around index values. Thicker lines (if present) indicate input uncertainty before addition of estimated additional uncertainty parameter.","Index",2016-10-25 16:42:14,"StartTime: Tue May 12 11:25:22 2015","index4_logcpuedata_TriEarly.png",".",".","./index4_logcpuedata_TriEarly.png"
"index5_logcpuefit_TriEarly.png","Fit to log index data on log scale for TriEarly. Lines indicate 95% uncertainty interval around index values. Thicker lines (if present) indicate input uncertainty before addition of estimated additional uncertainty parameter.","Index",2016-10-25 16:42:14,"StartTime: Tue May 12 11:25:22 2015","index5_logcpuefit_TriEarly.png",".",".","./index5_logcpuefit_TriEarly.png"
"index6_logcpuecheck_TriEarly.png","log(observed) vs. log(expected) index values with smoother for TriEarly","Index",2016-10-25 16:42:14,"StartTime: Tue May 12 11:25:22 2015","index6_logcpuecheck_TriEarly.png",".",".","./index6_logcpuecheck_TriEarly.png"
"index1_cpuedata_TriLate.png","Index data for TriLate. Lines indicate 95% uncertainty interval around index values. Thicker lines (if present) indicate input uncertainty before addition of estimated additional uncertainty parameter.","Index",2016-10-25 16:42:14,"StartTime: Tue May 12 11:25:22 2015","index1_cpuedata_TriLate.png",".",".","./index1_cpuedata_TriLate.png"
"index2_cpuefit_TriLate.png","Fit to index data for TriLate. Lines indicate 95% uncertainty interval around index values. Thicker lines (if present) indicate input uncertainty before addition of estimated additional uncertainty parameter.","Index",2016-10-25 16:42:14,"StartTime: Tue May 12 11:25:22 2015","index2_cpuefit_TriLate.png",".",".","./index2_cpuefit_TriLate.png"
"index3_cpuecheck_TriLate.png","Observed vs. expected index values with smoother for TriLate","Index",2016-10-25 16:42:14,"StartTime: Tue May 12 11:25:22 2015","index3_cpuecheck_TriLate.png",".",".","./index3_cpuecheck_TriLate.png"
"index4_logcpuedata_TriLate.png","Log index data for TriLate. Lines indicate 95% uncertainty interval around index values. Thicker lines (if present) indicate input uncertainty before addition of estimated additional uncertainty parameter.","Index",2016-10-25 16:42:14,"StartTime: Tue May 12 11:25:22 2015","index4_logcpuedata_TriLate.png",".",".","./index4_logcpuedata_TriLate.png"
"index5_logcpuefit_TriLate.png","Fit to log index data on log scale for TriLate. Lines indicate 95% uncertainty interval around index values. Thicker lines (if present) indicate input uncertainty before addition of estimated additional uncertainty parameter.","Index",2016-10-25 16:42:14,"StartTime: Tue May 12 11:25:22 2015","index5_logcpuefit_TriLate.png",".",".","./index5_logcpuefit_TriLate.png"
"index6_logcpuecheck_TriLate.png","log(observed) vs. log(expected) index values with smoother for TriLate","Index",2016-10-25 16:42:14,"StartTime: Tue May 12 11:25:22 2015","index6_logcpuecheck_TriLate.png",".",".","./index6_logcpuecheck_TriLate.png"
"index1_cpuedata_NWFSC.png","Index data for NWFSC. Lines indicate 95% uncertainty interval around index values. Thicker lines (if present) indicate input uncertainty before addition of estimated additional uncertainty parameter.","Index",2016-10-25 16:42:14,"StartTime: Tue May 12 11:25:22 2015","index1_cpuedata_NWFSC.png",".",".","./index1_cpuedata_NWFSC.png"
"index2_cpuefit_NWFSC.png","Fit to index data for NWFSC. Lines indicate 95% uncertainty interval around index values. Thicker lines (if present) indicate input uncertainty before addition of estimated additional uncertainty parameter.","Index",2016-10-25 16:42:14,"StartTime: Tue May 12 11:25:22 2015","index2_cpuefit_NWFSC.png",".",".","./index2_cpuefit_NWFSC.png"
"index3_cpuecheck_NWFSC.png","Observed vs. expected index values with smoother for NWFSC","Index",2016-10-25 16:42:14,"StartTime: Tue May 12 11:25:22 2015","index3_cpuecheck_NWFSC.png",".",".","./index3_cpuecheck_NWFSC.png"
"index4_logcpuedata_NWFSC.png","Log index data for NWFSC. Lines indicate 95% uncertainty interval around index values. Thicker lines (if present) indicate input uncertainty before addition of estimated additional uncertainty parameter.","Index",2016-10-25 16:42:14,"StartTime: Tue May 12 11:25:22 2015","index4_logcpuedata_NWFSC.png",".",".","./index4_logcpuedata_NWFSC.png"
"index5_logcpuefit_NWFSC.png","Fit to log index data on log scale for NWFSC. Lines indicate 95% uncertainty interval around index values. Thicker lines (if present) indicate input uncertainty before addition of estimated additional uncertainty parameter.","Index",2016-10-25 16:42:14,"StartTime: Tue May 12 11:25:22 2015","index5_logcpuefit_NWFSC.png",".",".","./index5_logcpuefit_NWFSC.png"
"index6_logcpuecheck_NWFSC.png","log(observed) vs. log(expected) index values with smoother for NWFSC","Index",2016-10-25 16:42:14,"StartTime: Tue May 12 11:25:22 2015","index6_logcpuecheck_NWFSC.png",".",".","./index6_logcpuecheck_NWFSC.png"
"index9_standcpueall.png","Standardized indices overlaid","Index",2016-10-25 16:42:14,"StartTime: Tue May 12 11:25:22 2015","index9_standcpueall.png",".",".","./index9_standcpueall.png"
"numbers1_sex1_beg.png","Beginning of year expected numbers at age of females in (max ~ 15.7 million)","Numbers",2016-10-25 16:42:14,"StartTime: Tue May 12 11:25:22 2015","numbers1_sex1_beg.png",".",".","./numbers1_sex1_beg.png"
"numbers1_sex2_beg.png","Beginning of year expected numbers at age of males in (max ~ 15.7 million)","Numbers",2016-10-25 16:42:14,"StartTime: Tue May 12 11:25:22 2015","numbers1_sex2_beg.png",".",".","./numbers1_sex2_beg.png"
"numbers2_meanage_beg.png","Beginning of year mean age in the population","Numbers",2016-10-25 16:42:14,"StartTime: Tue May 12 11:25:22 2015","numbers2_meanage_beg.png",".",".","./numbers2_meanage_beg.png"
"numbers1_sex1_mid.png","Middle of year expected numbers at age of females in (max ~ 14.6 million)","Numbers",2016-10-25 16:42:14,"StartTime: Tue May 12 11:25:22 2015","numbers1_sex1_mid.png",".",".","./numbers1_sex1_mid.png"
"numbers1_sex2_mid.png","Middle of year expected numbers at age of males in (max ~ 14.5 million)","Numbers",2016-10-25 16:42:14,"StartTime: Tue May 12 11:25:22 2015","numbers1_sex2_mid.png",".",".","./numbers1_sex2_mid.png"
"numbers2_meanage_mid.png","Middle of year mean age in the population","Numbers",2016-10-25 16:42:14,"StartTime: Tue May 12 11:25:22 2015","numbers2_meanage_mid.png",".",".","./numbers2_meanage_mid.png"
"numbers3_frac_female_age.png","Fraction female in numbers at age","Numbers",2016-10-25 16:42:14,"StartTime: Tue May 12 11:25:22 2015","numbers3_frac_female_age.png",".",".","./numbers3_frac_female_age.png"
"numbers6_len_sex1.png","Beginning of year expected numbers at length of females in (max ~ 15.8 million)","Numbers",2016-10-25 16:42:14,"StartTime: Tue May 12 11:25:22 2015","numbers6_len_sex1.png",".",".","./numbers6_len_sex1.png"
"numbers6_len_sex2.png","Beginning of year expected numbers at length of males in (max ~ 15.7 million)","Numbers",2016-10-25 16:42:14,"StartTime: Tue May 12 11:25:22 2015","numbers6_len_sex2.png",".",".","./numbers6_len_sex2.png"
"numbers7_meanlen.png","Beginning of year mean length (cm) in the population","Numbers",2016-10-25 16:42:14,"StartTime: Tue May 12 11:25:22 2015","numbers7_meanlen.png",".",".","./numbers7_meanlen.png"
"numbers6_len_sex1.png","Middle of year expected numbers at length of females in (max ~ 8.2 million)","Numbers",2016-10-25 16:42:14,"StartTime: Tue May 12 11:25:22 2015","numbers6_len_sex1.png",".",".","./numbers6_len_sex1.png"
"numbers6_len_sex2.png","Middle of year expected numbers at length of males in (max ~ 10.0 million)","Numbers",2016-10-25 16:42:14,"StartTime: Tue May 12 11:25:22 2015","numbers6_len_sex2.png",".",".","./numbers6_len_sex2.png"
"numbers7_meanlen.png","Middle of year mean length (cm) in the population","Numbers",2016-10-25 16:42:14,"StartTime: Tue May 12 11:25:22 2015","numbers7_meanlen.png",".",".","./numbers7_meanlen.png"
"numbers8_frac_female_len.png","Fraction female in numbers at length","Numbers",2016-10-25 16:42:14,"StartTime: Tue May 12 11:25:22 2015","numbers8_frac_female_len.png",".",".","./numbers8_frac_female_len.png"
"numbers4_equilagecomp.png","Equilibrium age distribution","Numbers",2016-10-25 16:42:14,"StartTime: Tue May 12 11:25:22 2015","numbers4_equilagecomp.png",".",".","./numbers4_equilagecomp.png"
"numbers5_ageerrorSD.png","Ageing imprecision: SD of observed age (yr)","Numbers",2016-10-25 16:42:14,"StartTime: Tue May 12 11:25:22 2015","numbers5_ageerrorSD.png",".",".","./numbers5_ageerrorSD.png"
"numbers5_ageerrorMeans.png","Ageing imprecision: Mean observed age (yr)","Numbers",2016-10-25 16:42:14,"StartTime: Tue May 12 11:25:22 2015","numbers5_ageerrorMeans.png",".",".","./numbers5_ageerrorMeans.png"
"numbers5_ageerror_matrix_1.png","Ageing imprecision: matrix for method 1 <br>(White = 1.0, Orange = 0.5, Red = 0.0)","Numbers",2016-10-25 16:42:14,"StartTime: Tue May 12 11:25:22 2015","numbers5_ageerror_matrix_1.png",".",".","./numbers5_ageerror_matrix_1.png"
"numbers5_ageerror_matrix_2.png","Ageing imprecision: matrix for method 2 <br>(White = 1.0, Orange = 0.5, Red = 0.0)","Numbers",2016-10-25 16:42:14,"StartTime: Tue May 12 11:25:22 2015","numbers5_ageerror_matrix_2.png",".",".","./numbers5_ageerror_matrix_2.png"
"numbers5_ageerror_matrix_3.png","Ageing imprecision: matrix for method 3 <br>(White = 1.0, Orange = 0.5, Red = 0.0)","Numbers",2016-10-25 16:42:14,"StartTime: Tue May 12 11:25:22 2015","numbers5_ageerror_matrix_3.png",".",".","./numbers5_ageerror_matrix_3.png"
"numbers5_ageerror_matrix_4.png","Ageing imprecision: matrix for method 4 <br>(White = 1.0, Orange = 0.5, Red = 0.0)","Numbers",2016-10-25 16:42:14,"StartTime: Tue May 12 11:25:22 2015","numbers5_ageerror_matrix_4.png",".",".","./numbers5_ageerror_matrix_4.png"
"numbers5_ageerror_matrix_5.png","Ageing imprecision: matrix for method 5 <br>(White = 1.0, Orange = 0.5, Red = 0.0)","Numbers",2016-10-25 16:42:14,"StartTime: Tue May 12 11:25:22 2015","numbers5_ageerror_matrix_5.png",".",".","./numbers5_ageerror_matrix_5.png"
"numbers5_ageerror_matrix_6.png","Ageing imprecision: matrix for method 6 <br>(White = 1.0, Orange = 0.5, Red = 0.0)","Numbers",2016-10-25 16:42:14,"StartTime: Tue May 12 11:25:22 2015","numbers5_ageerror_matrix_6.png",".",".","./numbers5_ageerror_matrix_6.png"
"numbers5_ageerror_matrix_7.png","Ageing imprecision: matrix for method 7 <br>(White = 1.0, Orange = 0.5, Red = 0.0)","Numbers",2016-10-25 16:42:14,"StartTime: Tue May 12 11:25:22 2015","numbers5_ageerror_matrix_7.png",".",".","./numbers5_ageerror_matrix_7.png"
"numbers5_ageerror_matrix_8.png","Ageing imprecision: matrix for method 8 <br>(White = 1.0, Orange = 0.5, Red = 0.0)","Numbers",2016-10-25 16:42:14,"StartTime: Tue May 12 11:25:22 2015","numbers5_ageerror_matrix_8.png",".",".","./numbers5_ageerror_matrix_8.png"
"numbers10_ageerror_matrix_1.png","Distribution of observed age at true age 
 for ageing error type 1","Numbers",2016-10-25 16:42:14,"StartTime: Tue May 12 11:25:22 2015","numbers10_ageerror_matrix_1.png",".",".","./numbers10_ageerror_matrix_1.png"
"numbers10_ageerror_matrix_2.png","Distribution of observed age at true age 
 for ageing error type 2","Numbers",2016-10-25 16:42:14,"StartTime: Tue May 12 11:25:22 2015","numbers10_ageerror_matrix_2.png",".",".","./numbers10_ageerror_matrix_2.png"
"numbers10_ageerror_matrix_3.png","Distribution of observed age at true age 
 for ageing error type 3","Numbers",2016-10-25 16:42:14,"StartTime: Tue May 12 11:25:22 2015","numbers10_ageerror_matrix_3.png",".",".","./numbers10_ageerror_matrix_3.png"
"numbers10_ageerror_matrix_4.png","Distribution of observed age at true age 
 for ageing error type 4","Numbers",2016-10-25 16:42:14,"StartTime: Tue May 12 11:25:22 2015","numbers10_ageerror_matrix_4.png",".",".","./numbers10_ageerror_matrix_4.png"
"numbers10_ageerror_matrix_5.png","Distribution of observed age at true age 
 for ageing error type 5","Numbers",2016-10-25 16:42:14,"StartTime: Tue May 12 11:25:22 2015","numbers10_ageerror_matrix_5.png",".",".","./numbers10_ageerror_matrix_5.png"
"numbers10_ageerror_matrix_6.png","Distribution of observed age at true age 
 for ageing error type 6","Numbers",2016-10-25 16:42:14,"StartTime: Tue May 12 11:25:22 2015","numbers10_ageerror_matrix_6.png",".",".","./numbers10_ageerror_matrix_6.png"
"numbers10_ageerror_matrix_7.png","Distribution of observed age at true age 
 for ageing error type 7","Numbers",2016-10-25 16:42:14,"StartTime: Tue May 12 11:25:22 2015","numbers10_ageerror_matrix_7.png",".",".","./numbers10_ageerror_matrix_7.png"
"numbers10_ageerror_matrix_8.png","Distribution of observed age at true age 
 for ageing error type 8","Numbers",2016-10-25 16:42:14,"StartTime: Tue May 12 11:25:22 2015","numbers10_ageerror_matrix_8.png",".",".","./numbers10_ageerror_matrix_8.png"
"comp_lendat_flt1mkt2_page1.png","length comp data, retained, WinterN (plot 1 of 2)","CompDat",2016-10-25 16:42:14,"StartTime: Tue May 12 11:25:22 2015","comp_lendat_flt1mkt2_page1.png",".",".","./comp_lendat_flt1mkt2_page1.png"
"comp_lendat_flt1mkt2_page2.png","length comp data, retained, WinterN (plot 2 of 2)","CompDat",2016-10-25 16:42:14,"StartTime: Tue May 12 11:25:22 2015","comp_lendat_flt1mkt2_page2.png",".",".","./comp_lendat_flt1mkt2_page2.png"
"comp_lendat_bubflt1mkt2_page2.png","length comp data, retained, WinterN (max=0.26) (plot 2 of 2)","CompDat",2016-10-25 16:42:14,"StartTime: Tue May 12 11:25:22 2015","comp_lendat_bubflt1mkt2_page2.png",".",".","./comp_lendat_bubflt1mkt2_page2.png"
"comp_lendat_data_weighting_TA1.8_WinterN.png","Francis data weighting method TA1.8 WinterN <br> Suggested sample size adjustment (with 95% interval) for len data from WinterN:<br>0.5881 (0.4223-0.9338)","CompDat",2016-10-25 16:42:14,"StartTime: Tue May 12 11:25:22 2015","comp_lendat_data_weighting_TA1.8_WinterN.png",".",".","./comp_lendat_data_weighting_TA1.8_WinterN.png"
"comp_lendat_flt1mkt1.png","length comp data, discard, WinterN","CompDat",2016-10-25 16:42:14,"StartTime: Tue May 12 11:25:22 2015","comp_lendat_flt1mkt1.png",".",".","./comp_lendat_flt1mkt1.png"
"comp_lendat_bubflt1mkt1.png","length comp data, discard, WinterN (max=0.63)","CompDat",2016-10-25 16:42:14,"StartTime: Tue May 12 11:25:22 2015","comp_lendat_bubflt1mkt1.png",".",".","./comp_lendat_bubflt1mkt1.png"
"comp_lendat_data_weighting_TA1.8_WinterN.png","Francis data weighting method TA1.8 WinterN <br> Suggested sample size adjustment (with 95% interval) for len data from WinterN:<br>0.5881 (0.4143-0.9563)","CompDat",2016-10-25 16:42:14,"StartTime: Tue May 12 11:25:22 2015","comp_lendat_data_weighting_TA1.8_WinterN.png",".",".","./comp_lendat_data_weighting_TA1.8_WinterN.png"
"comp_lendat_flt2mkt2_page1.png","length comp data, retained, SummerN (plot 1 of 2)","CompDat",2016-10-25 16:42:14,"StartTime: Tue May 12 11:25:22 2015","comp_lendat_flt2mkt2_page1.png",".",".","./comp_lendat_flt2mkt2_page1.png"
"comp_lendat_flt2mkt2_page2.png","length comp data, retained, SummerN (plot 2 of 2)","CompDat",2016-10-25 16:42:14,"StartTime: Tue May 12 11:25:22 2015","comp_lendat_flt2mkt2_page2.png",".",".","./comp_lendat_flt2mkt2_page2.png"
"comp_lendat_bubflt2mkt2_page2.png","length comp data, retained, SummerN (max=0.33) (plot 2 of 2)","CompDat",2016-10-25 16:42:14,"StartTime: Tue May 12 11:25:22 2015","comp_lendat_bubflt2mkt2_page2.png",".",".","./comp_lendat_bubflt2mkt2_page2.png"
"comp_lendat_data_weighting_TA1.8_SummerN.png","Francis data weighting method TA1.8 SummerN <br> Suggested sample size adjustment (with 95% interval) for len data from SummerN:<br>1.1169 (0.7644-1.7817)","CompDat",2016-10-25 16:42:14,"StartTime: Tue May 12 11:25:22 2015","comp_lendat_data_weighting_TA1.8_SummerN.png",".",".","./comp_lendat_data_weighting_TA1.8_SummerN.png"
"comp_lendat_flt2mkt1.png","length comp data, discard, SummerN","CompDat",2016-10-25 16:42:14,"StartTime: Tue May 12 11:25:22 2015","comp_lendat_flt2mkt1.png",".",".","./comp_lendat_flt2mkt1.png"
"comp_lendat_bubflt2mkt1.png","length comp data, discard, SummerN (max=0.32)","CompDat",2016-10-25 16:42:14,"StartTime: Tue May 12 11:25:22 2015","comp_lendat_bubflt2mkt1.png",".",".","./comp_lendat_bubflt2mkt1.png"
"comp_lendat_data_weighting_TA1.8_SummerN.png","Francis data weighting method TA1.8 SummerN <br> Suggested sample size adjustment (with 95% interval) for len data from SummerN:<br>1.1169 (0.7814-1.8018)","CompDat",2016-10-25 16:42:14,"StartTime: Tue May 12 11:25:22 2015","comp_lendat_data_weighting_TA1.8_SummerN.png",".",".","./comp_lendat_data_weighting_TA1.8_SummerN.png"
"comp_lendat_flt3mkt2_page1.png","length comp data, retained, WinterS (plot 1 of 2)","CompDat",2016-10-25 16:42:14,"StartTime: Tue May 12 11:25:22 2015","comp_lendat_flt3mkt2_page1.png",".",".","./comp_lendat_flt3mkt2_page1.png"
"comp_lendat_flt3mkt2_page2.png","length comp data, retained, WinterS (plot 2 of 2)","CompDat",2016-10-25 16:42:14,"StartTime: Tue May 12 11:25:22 2015","comp_lendat_flt3mkt2_page2.png",".",".","./comp_lendat_flt3mkt2_page2.png"
"comp_lendat_bubflt3mkt2_page2.png","length comp data, retained, WinterS (max=0.48) (plot 2 of 2)","CompDat",2016-10-25 16:42:14,"StartTime: Tue May 12 11:25:22 2015","comp_lendat_bubflt3mkt2_page2.png",".",".","./comp_lendat_bubflt3mkt2_page2.png"
"comp_lendat_data_weighting_TA1.8_WinterS.png","Francis data weighting method TA1.8 WinterS <br> Suggested sample size adjustment (with 95% interval) for len data from WinterS:<br>0.8831 (0.6986-1.2707)","CompDat",2016-10-25 16:42:14,"StartTime: Tue May 12 11:25:22 2015","comp_lendat_data_weighting_TA1.8_WinterS.png",".",".","./comp_lendat_data_weighting_TA1.8_WinterS.png"
"comp_lendat_flt3mkt1.png","length comp data, discard, WinterS","CompDat",2016-10-25 16:42:14,"StartTime: Tue May 12 11:25:22 2015","comp_lendat_flt3mkt1.png",".",".","./comp_lendat_flt3mkt1.png"
"comp_lendat_bubflt3mkt1.png","length comp data, discard, WinterS (max=0.59)","CompDat",2016-10-25 16:42:14,"StartTime: Tue May 12 11:25:22 2015","comp_lendat_bubflt3mkt1.png",".",".","./comp_lendat_bubflt3mkt1.png"
"comp_lendat_data_weighting_TA1.8_WinterS.png","Francis data weighting method TA1.8 WinterS <br> Suggested sample size adjustment (with 95% interval) for len data from WinterS:<br>0.8831 (0.6937-1.3133)","CompDat",2016-10-25 16:42:14,"StartTime: Tue May 12 11:25:22 2015","comp_lendat_data_weighting_TA1.8_WinterS.png",".",".","./comp_lendat_data_weighting_TA1.8_WinterS.png"
"comp_lendat_flt4mkt2_page1.png","length comp data, retained, SummerS (plot 1 of 2)","CompDat",2016-10-25 16:42:14,"StartTime: Tue May 12 11:25:22 2015","comp_lendat_flt4mkt2_page1.png",".",".","./comp_lendat_flt4mkt2_page1.png"
"comp_lendat_flt4mkt2_page2.png","length comp data, retained, SummerS (plot 2 of 2)","CompDat",2016-10-25 16:42:14,"StartTime: Tue May 12 11:25:22 2015","comp_lendat_flt4mkt2_page2.png",".",".","./comp_lendat_flt4mkt2_page2.png"
"comp_lendat_bubflt4mkt2_page2.png","length comp data, retained, SummerS (max=0.28) (plot 2 of 2)","CompDat",2016-10-25 16:42:14,"StartTime: Tue May 12 11:25:22 2015","comp_lendat_bubflt4mkt2_page2.png",".",".","./comp_lendat_bubflt4mkt2_page2.png"
"comp_lendat_data_weighting_TA1.8_SummerS.png","Francis data weighting method TA1.8 SummerS <br> Suggested sample size adjustment (with 95% interval) for len data from SummerS:<br>0.3826 (0.2798-0.6057)","CompDat",2016-10-25 16:42:14,"StartTime: Tue May 12 11:25:22 2015","comp_lendat_data_weighting_TA1.8_SummerS.png",".",".","./comp_lendat_data_weighting_TA1.8_SummerS.png"
"comp_lendat_flt4mkt1.png","length comp data, discard, SummerS","CompDat",2016-10-25 16:42:14,"StartTime: Tue May 12 11:25:22 2015","comp_lendat_flt4mkt1.png",".",".","./comp_lendat_flt4mkt1.png"
"comp_lendat_bubflt4mkt1.png","length comp data, discard, SummerS (max=0.41)","CompDat",2016-10-25 16:42:14,"StartTime: Tue May 12 11:25:22 2015","comp_lendat_bubflt4mkt1.png",".",".","./comp_lendat_bubflt4mkt1.png"
"comp_lendat_data_weighting_TA1.8_SummerS.png","Francis data weighting method TA1.8 SummerS <br> Suggested sample size adjustment (with 95% interval) for len data from SummerS:<br>0.3826 (0.2777-0.6143)","CompDat",2016-10-25 16:42:14,"StartTime: Tue May 12 11:25:22 2015","comp_lendat_data_weighting_TA1.8_SummerS.png",".",".","./comp_lendat_data_weighting_TA1.8_SummerS.png"
"comp_lendat_flt5mkt0.png","length comp data, whole catch, TriEarly","CompDat",2016-10-25 16:42:14,"StartTime: Tue May 12 11:25:22 2015","comp_lendat_flt5mkt0.png",".",".","./comp_lendat_flt5mkt0.png"
"comp_lendat_bubflt5mkt0.png","length comp data, whole catch, TriEarly (max=0.1)","CompDat",2016-10-25 16:42:14,"StartTime: Tue May 12 11:25:22 2015","comp_lendat_bubflt5mkt0.png",".",".","./comp_lendat_bubflt5mkt0.png"
"comp_lendat_data_weighting_TA1.8_TriEarly.png","Francis data weighting method TA1.8 TriEarly <br> Suggested sample size adjustment (with 95% interval) for len data from TriEarly:<br>0.2344 (0.191-Inf)","CompDat",2016-10-25 16:42:14,"StartTime: Tue May 12 11:25:22 2015","comp_lendat_data_weighting_TA1.8_TriEarly.png",".",".","./comp_lendat_data_weighting_TA1.8_TriEarly.png"
"comp_lendat_flt6mkt0.png","length comp data, whole catch, TriLate","CompDat",2016-10-25 16:42:14,"StartTime: Tue May 12 11:25:22 2015","comp_lendat_flt6mkt0.png",".",".","./comp_lendat_flt6mkt0.png"
"comp_lendat_bubflt6mkt0.png","length comp data, whole catch, TriLate (max=0.1)","CompDat",2016-10-25 16:42:14,"StartTime: Tue May 12 11:25:22 2015","comp_lendat_bubflt6mkt0.png",".",".","./comp_lendat_bubflt6mkt0.png"
"comp_lendat_data_weighting_TA1.8_TriLate.png","Francis data weighting method TA1.8 TriLate <br> Suggested sample size adjustment (with 95% interval) for len data from TriLate:<br>0.3192 (0.2132-125.2969)","CompDat",2016-10-25 16:42:14,"StartTime: Tue May 12 11:25:22 2015","comp_lendat_data_weighting_TA1.8_TriLate.png",".",".","./comp_lendat_data_weighting_TA1.8_TriLate.png"
"comp_lendat_flt7mkt0.png","length comp data, whole catch, NWFSC","CompDat",2016-10-25 16:42:14,"StartTime: Tue May 12 11:25:22 2015","comp_lendat_flt7mkt0.png",".",".","./comp_lendat_flt7mkt0.png"
"comp_lendat_bubflt7mkt0.png","length comp data, whole catch, NWFSC (max=0.15)","CompDat",2016-10-25 16:42:14,"StartTime: Tue May 12 11:25:22 2015","comp_lendat_bubflt7mkt0.png",".",".","./comp_lendat_bubflt7mkt0.png"
"comp_lendat_data_weighting_TA1.8_NWFSC.png","Francis data weighting method TA1.8 NWFSC <br> Suggested sample size adjustment (with 95% interval) for len data from NWFSC:<br>0.6277 (0.3886-1.7618)","CompDat",2016-10-25 16:42:14,"StartTime: Tue May 12 11:25:22 2015","comp_lendat_data_weighting_TA1.8_NWFSC.png",".",".","./comp_lendat_data_weighting_TA1.8_NWFSC.png"
"comp_lendat_mkt2_aggregated_across_time.png","length comp data, retained, aggregated across time by fleet","CompDat",2016-10-25 16:42:14,"StartTime: Tue May 12 11:25:22 2015","comp_lendat_mkt2_aggregated_across_time.png",".",".","./comp_lendat_mkt2_aggregated_across_time.png"
"comp_lendat_mkt1_aggregated_across_time.png","length comp data, discard, aggregated across time by fleet","CompDat",2016-10-25 16:42:14,"StartTime: Tue May 12 11:25:22 2015","comp_lendat_mkt1_aggregated_across_time.png",".",".","./comp_lendat_mkt1_aggregated_across_time.png"
"comp_lendat_mkt0_aggregated_across_time.png","length comp data, whole catch, aggregated across time by fleet","CompDat",2016-10-25 16:42:14,"StartTime: Tue May 12 11:25:22 2015","comp_lendat_mkt0_aggregated_across_time.png",".",".","./comp_lendat_mkt0_aggregated_across_time.png"
"comp_lendat_sex1mkt1_multi-fleet_comparison.png","Note: this plot doesn't seem to be working right for some models.<br><br> length comp data, sexes combined, discard, comparing across fleets","CompDat",2016-10-25 16:42:14,"StartTime: Tue May 12 11:25:22 2015","comp_lendat_sex1mkt1_multi-fleet_comparison.png",".",".","./comp_lendat_sex1mkt1_multi-fleet_comparison.png"
"comp_lendat_sex2mkt2_multi-fleet_comparison.png","Note: this plot doesn't seem to be working right for some models.<br><br> length comp data, female, retained, comparing across fleets","CompDat",2016-10-25 16:42:14,"StartTime: Tue May 12 11:25:22 2015","comp_lendat_sex2mkt2_multi-fleet_comparison.png",".",".","./comp_lendat_sex2mkt2_multi-fleet_comparison.png"
"comp_lendat_sex2mkt1_multi-fleet_comparison.png","Note: this plot doesn't seem to be working right for some models.<br><br> length comp data, female, discard, comparing across fleets","CompDat",2016-10-25 16:42:14,"StartTime: Tue May 12 11:25:22 2015","comp_lendat_sex2mkt1_multi-fleet_comparison.png",".",".","./comp_lendat_sex2mkt1_multi-fleet_comparison.png"
"comp_lendat_sex2mkt0_multi-fleet_comparison.png","Note: this plot doesn't seem to be working right for some models.<br><br> length comp data, female, whole catch, comparing across fleets","CompDat",2016-10-25 16:42:14,"StartTime: Tue May 12 11:25:22 2015","comp_lendat_sex2mkt0_multi-fleet_comparison.png",".",".","./comp_lendat_sex2mkt0_multi-fleet_comparison.png"
"comp_lendat_sex3mkt2_multi-fleet_comparison.png","Note: this plot doesn't seem to be working right for some models.<br><br> length comp data, male, retained, comparing across fleets","CompDat",2016-10-25 16:42:14,"StartTime: Tue May 12 11:25:22 2015","comp_lendat_sex3mkt2_multi-fleet_comparison.png",".",".","./comp_lendat_sex3mkt2_multi-fleet_comparison.png"
"comp_lendat_sex3mkt1_multi-fleet_comparison.png","Note: this plot doesn't seem to be working right for some models.<br><br> length comp data, male, discard, comparing across fleets","CompDat",2016-10-25 16:42:14,"StartTime: Tue May 12 11:25:22 2015","comp_lendat_sex3mkt1_multi-fleet_comparison.png",".",".","./comp_lendat_sex3mkt1_multi-fleet_comparison.png"
"comp_lendat_sex3mkt0_multi-fleet_comparison.png","Note: this plot doesn't seem to be working right for some models.<br><br> length comp data, male, whole catch, comparing across fleets","CompDat",2016-10-25 16:42:14,"StartTime: Tue May 12 11:25:22 2015","comp_lendat_sex3mkt0_multi-fleet_comparison.png",".",".","./comp_lendat_sex3mkt0_multi-fleet_comparison.png"
"comp_agedat_flt1mkt0_page1.png","age comp data, whole catch, WinterN (plot 1 of 2)","CompDat",2016-10-25 16:42:14,"StartTime: Tue May 12 11:25:22 2015","comp_agedat_flt1mkt0_page1.png",".",".","./comp_agedat_flt1mkt0_page1.png"
"comp_agedat_flt1mkt0_page2.png","age comp data, whole catch, WinterN (plot 2 of 2)","CompDat",2016-10-25 16:42:14,"StartTime: Tue May 12 11:25:22 2015","comp_agedat_flt1mkt0_page2.png",".",".","./comp_agedat_flt1mkt0_page2.png"
"comp_agedat_bubflt1mkt0_page2.png","age comp data, whole catch, WinterN (max=0.32) (plot 2 of 2)","CompDat",2016-10-25 16:42:14,"StartTime: Tue May 12 11:25:22 2015","comp_agedat_bubflt1mkt0_page2.png",".",".","./comp_agedat_bubflt1mkt0_page2.png"
"comp_agedat_data_weighting_TA1.8_WinterN.png","Francis data weighting method TA1.8 WinterN <br> Suggested sample size adjustment (with 95% interval) for age data from WinterN:<br>0.4854 (0.3067-0.9389)","CompDat",2016-10-25 16:42:14,"StartTime: Tue May 12 11:25:22 2015","comp_agedat_data_weighting_TA1.8_WinterN.png",".",".","./comp_agedat_data_weighting_TA1.8_WinterN.png"
"comp_agedat_flt2mkt0_page1.png","age comp data, whole catch, SummerN (plot 1 of 2)","CompDat",2016-10-25 16:42:14,"StartTime: Tue May 12 11:25:22 2015","comp_agedat_flt2mkt0_page1.png",".",".","./comp_agedat_flt2mkt0_page1.png"
"comp_agedat_flt2mkt0_page2.png","age comp data, whole catch, SummerN (plot 2 of 2)","CompDat",2016-10-25 16:42:14,"StartTime: Tue May 12 11:25:22 2015","comp_agedat_flt2mkt0_page2.png",".",".","./comp_agedat_flt2mkt0_page2.png"
"comp_agedat_bubflt2mkt0_page2.png","age comp data, whole catch, SummerN (max=0.97) (plot 2 of 2)","CompDat",2016-10-25 16:42:14,"StartTime: Tue May 12 11:25:22 2015","comp_agedat_bubflt2mkt0_page2.png",".",".","./comp_agedat_bubflt2mkt0_page2.png"
"comp_agedat_data_weighting_TA1.8_SummerN.png","Francis data weighting method TA1.8 SummerN <br> Suggested sample size adjustment (with 95% interval) for age data from SummerN:<br>0.8933 (0.5731-1.5863)","CompDat",2016-10-25 16:42:14,"StartTime: Tue May 12 11:25:22 2015","comp_agedat_data_weighting_TA1.8_SummerN.png",".",".","./comp_agedat_data_weighting_TA1.8_SummerN.png"
"comp_agedat_flt3mkt0.png","age comp data, whole catch, WinterS","CompDat",2016-10-25 16:42:14,"StartTime: Tue May 12 11:25:22 2015","comp_agedat_flt3mkt0.png",".",".","./comp_agedat_flt3mkt0.png"
"comp_agedat_bubflt3mkt0.png","age comp data, whole catch, WinterS (max=0.97)","CompDat",2016-10-25 16:42:14,"StartTime: Tue May 12 11:25:22 2015","comp_agedat_bubflt3mkt0.png",".",".","./comp_agedat_bubflt3mkt0.png"
"comp_agedat_data_weighting_TA1.8_WinterS.png","Francis data weighting method TA1.8 WinterS <br> Suggested sample size adjustment (with 95% interval) for age data from WinterS:<br>0.7751 (0.5293-1.3262)","CompDat",2016-10-25 16:42:14,"StartTime: Tue May 12 11:25:22 2015","comp_agedat_data_weighting_TA1.8_WinterS.png",".",".","./comp_agedat_data_weighting_TA1.8_WinterS.png"
"comp_agedat_flt4mkt0.png","age comp data, whole catch, SummerS","CompDat",2016-10-25 16:42:14,"StartTime: Tue May 12 11:25:22 2015","comp_agedat_flt4mkt0.png",".",".","./comp_agedat_flt4mkt0.png"
"comp_agedat_bubflt4mkt0.png","age comp data, whole catch, SummerS (max=0.48)","CompDat",2016-10-25 16:42:14,"StartTime: Tue May 12 11:25:22 2015","comp_agedat_bubflt4mkt0.png",".",".","./comp_agedat_bubflt4mkt0.png"
"comp_agedat_data_weighting_TA1.8_SummerS.png","Francis data weighting method TA1.8 SummerS <br> Suggested sample size adjustment (with 95% interval) for age data from SummerS:<br>0.5074 (0.3003-1.2796)","CompDat",2016-10-25 16:42:14,"StartTime: Tue May 12 11:25:22 2015","comp_agedat_data_weighting_TA1.8_SummerS.png",".",".","./comp_agedat_data_weighting_TA1.8_SummerS.png"
"comp_agedat_mkt0_aggregated_across_time.png","age comp data, whole catch, aggregated across time by fleet","CompDat",2016-10-25 16:42:14,"StartTime: Tue May 12 11:25:22 2015","comp_agedat_mkt0_aggregated_across_time.png",".",".","./comp_agedat_mkt0_aggregated_across_time.png"
"comp_agedat_sex2mkt0_multi-fleet_comparison.png","Note: this plot doesn't seem to be working right for some models.<br><br> age comp data, female, whole catch, comparing across fleets","CompDat",2016-10-25 16:42:14,"StartTime: Tue May 12 11:25:22 2015","comp_agedat_sex2mkt0_multi-fleet_comparison.png",".",".","./comp_agedat_sex2mkt0_multi-fleet_comparison.png"
"comp_agedat_sex3mkt0_multi-fleet_comparison.png","Note: this plot doesn't seem to be working right for some models.<br><br> age comp data, male, whole catch, comparing across fleets","CompDat",2016-10-25 16:42:14,"StartTime: Tue May 12 11:25:22 2015","comp_agedat_sex3mkt0_multi-fleet_comparison.png",".",".","./comp_agedat_sex3mkt0_multi-fleet_comparison.png"
"comp_condAALdat_bubflt7mkt0_page1.png","conditional age-at-length data, whole catch, NWFSC (max=0.98) (plot 1 of 2)","CompDat",2016-10-25 16:42:14,"StartTime: Tue May 12 11:25:22 2015","comp_condAALdat_bubflt7mkt0_page1.png",".",".","./comp_condAALdat_bubflt7mkt0_page1.png"
"comp_condAALdat_bubflt7mkt0_page2.png","conditional age-at-length data, whole catch, NWFSC (max=0.98) (plot 2 of 2)","CompDat",2016-10-25 16:42:14,"StartTime: Tue May 12 11:25:22 2015","comp_condAALdat_bubflt7mkt0_page2.png",".",".","./comp_condAALdat_bubflt7mkt0_page2.png"
"comp_condAALdat_data_weighting_TA1.8_condAgeNWFSC.png","Francis data weighting method TA1.8 for conditional age data NWFSC <br>For more info, see<br> <blockquote>Francis, R.I.C.C. (2011). Data weighting in statistical fisheries stock assessment models. <i>Can. J. Fish. Aquat. Sci.</i> 68: 1124-1138.</blockquote>","CompDat",2016-10-25 16:42:14,"StartTime: Tue May 12 11:25:22 2015","comp_condAALdat_data_weighting_TA1.8_condAgeNWFSC.png",".",".","./comp_condAALdat_data_weighting_TA1.8_condAgeNWFSC.png"
"comp_condAALdat_Andre_plotsflt7mkt0_page1.png","Conditional AAL plot, whole catch, NWFSC (plot 1 of 4)
These plots show mean age and std. dev. in conditional A@L.<br>Left plots are mean A@L by size-class (obs. and pred.) with 90% CIs based on adding 1.64 SE of mean to the data.<br>Right plots in each pair are SE of mean A@L (obs. and pred.) with 90% CIs based on the chi-square distribution.","CompDat",2016-10-25 16:42:14,"StartTime: Tue May 12 11:25:22 2015","comp_condAALdat_Andre_plotsflt7mkt0_page1.png",".",".","./comp_condAALdat_Andre_plotsflt7mkt0_page1.png"
"comp_condAALdat_Andre_plotsflt7mkt0_page2.png","Conditional AAL plot, whole catch, NWFSC (plot 2 of 4)
These plots show mean age and std. dev. in conditional A@L.<br>Left plots are mean A@L by size-class (obs. and pred.) with 90% CIs based on adding 1.64 SE of mean to the data.<br>Right plots in each pair are SE of mean A@L (obs. and pred.) with 90% CIs based on the chi-square distribution.","CompDat",2016-10-25 16:42:14,"StartTime: Tue May 12 11:25:22 2015","comp_condAALdat_Andre_plotsflt7mkt0_page2.png",".",".","./comp_condAALdat_Andre_plotsflt7mkt0_page2.png"
"comp_condAALdat_Andre_plotsflt7mkt0_page3.png","Conditional AAL plot, whole catch, NWFSC (plot 3 of 4)
These plots show mean age and std. dev. in conditional A@L.<br>Left plots are mean A@L by size-class (obs. and pred.) with 90% CIs based on adding 1.64 SE of mean to the data.<br>Right plots in each pair are SE of mean A@L (obs. and pred.) with 90% CIs based on the chi-square distribution.","CompDat",2016-10-25 16:42:14,"StartTime: Tue May 12 11:25:22 2015","comp_condAALdat_Andre_plotsflt7mkt0_page3.png",".",".","./comp_condAALdat_Andre_plotsflt7mkt0_page3.png"
"comp_condAALdat_Andre_plotsflt7mkt0_page4.png","Conditional AAL plot, whole catch, NWFSC (plot 4 of 4)
These plots show mean age and std. dev. in conditional A@L.<br>Left plots are mean A@L by size-class (obs. and pred.) with 90% CIs based on adding 1.64 SE of mean to the data.<br>Right plots in each pair are SE of mean A@L (obs. and pred.) with 90% CIs based on the chi-square distribution.","CompDat",2016-10-25 16:42:14,"StartTime: Tue May 12 11:25:22 2015","comp_condAALdat_Andre_plotsflt7mkt0_page4.png",".",".","./comp_condAALdat_Andre_plotsflt7mkt0_page4.png"
"comp_lenfit_flt1mkt2_page1.png","length comps, retained, WinterN (plot 1 of 2)","LenComp",2016-10-25 16:42:14,"StartTime: Tue May 12 11:25:22 2015","comp_lenfit_flt1mkt2_page1.png",".",".","./comp_lenfit_flt1mkt2_page1.png"
"comp_lenfit_flt1mkt2_page2.png","length comps, retained, WinterN (plot 2 of 2)","LenComp",2016-10-25 16:42:14,"StartTime: Tue May 12 11:25:22 2015","comp_lenfit_flt1mkt2_page2.png",".",".","./comp_lenfit_flt1mkt2_page2.png"
"comp_lenfit_residsflt1mkt2_page2.png","Pearson residuals, retained, WinterN (max=4.01) (plot 2 of 2) <br> 
Closed bubbles are positive residuals (observed > expected) and open bubbles are negative residuals (observed < expected).","LenComp",2016-10-25 16:42:14,"StartTime: Tue May 12 11:25:22 2015","comp_lenfit_residsflt1mkt2_page2.png",".",".","./comp_lenfit_residsflt1mkt2_page2.png"
"comp_lenfit_sampsize_flt1mkt2.png","N-EffN comparison, length comps, retained, WinterN","LenComp",2016-10-25 16:42:14,"StartTime: Tue May 12 11:25:22 2015","comp_lenfit_sampsize_flt1mkt2.png",".",".","./comp_lenfit_sampsize_flt1mkt2.png"
"comp_lenfit_data_weighting_TA1.8_WinterN.png","Francis data weighting method TA1.8 WinterN <br> Suggested sample size adjustment (with 95% interval) for len data from WinterN:<br>0.5881 (0.4129-0.9119)","LenComp",2016-10-25 16:42:14,"StartTime: Tue May 12 11:25:22 2015","comp_lenfit_data_weighting_TA1.8_WinterN.png",".",".","./comp_lenfit_data_weighting_TA1.8_WinterN.png"
"comp_lenfit_flt1mkt1.png","length comps, discard, WinterN","LenComp",2016-10-25 16:42:14,"StartTime: Tue May 12 11:25:22 2015","comp_lenfit_flt1mkt1.png",".",".","./comp_lenfit_flt1mkt1.png"
"comp_lenfit_residsflt1mkt1.png","Pearson residuals, discard, WinterN (max=5.43) <br> 
Closed bubbles are positive residuals (observed > expected) and open bubbles are negative residuals (observed < expected).","LenComp",2016-10-25 16:42:14,"StartTime: Tue May 12 11:25:22 2015","comp_lenfit_residsflt1mkt1.png",".",".","./comp_lenfit_residsflt1mkt1.png"
"comp_lenfit_sampsize_flt1mkt1.png","N-EffN comparison, length comps, discard, WinterN","LenComp",2016-10-25 16:42:14,"StartTime: Tue May 12 11:25:22 2015","comp_lenfit_sampsize_flt1mkt1.png",".",".","./comp_lenfit_sampsize_flt1mkt1.png"
"comp_lenfit_data_weighting_TA1.8_WinterN.png","Francis data weighting method TA1.8 WinterN <br> Suggested sample size adjustment (with 95% interval) for len data from WinterN:<br>0.5881 (0.4122-0.9265)","LenComp",2016-10-25 16:42:14,"StartTime: Tue May 12 11:25:22 2015","comp_lenfit_data_weighting_TA1.8_WinterN.png",".",".","./comp_lenfit_data_weighting_TA1.8_WinterN.png"
"comp_lenfit_flt2mkt2_page1.png","length comps, retained, SummerN (plot 1 of 2)","LenComp",2016-10-25 16:42:14,"StartTime: Tue May 12 11:25:22 2015","comp_lenfit_flt2mkt2_page1.png",".",".","./comp_lenfit_flt2mkt2_page1.png"
"comp_lenfit_flt2mkt2_page2.png","length comps, retained, SummerN (plot 2 of 2)","LenComp",2016-10-25 16:42:14,"StartTime: Tue May 12 11:25:22 2015","comp_lenfit_flt2mkt2_page2.png",".",".","./comp_lenfit_flt2mkt2_page2.png"
"comp_lenfit_residsflt2mkt2_page2.png","Pearson residuals, retained, SummerN (max=4.78) (plot 2 of 2) <br> 
Closed bubbles are positive residuals (observed > expected) and open bubbles are negative residuals (observed < expected).","LenComp",2016-10-25 16:42:14,"StartTime: Tue May 12 11:25:22 2015","comp_lenfit_residsflt2mkt2_page2.png",".",".","./comp_lenfit_residsflt2mkt2_page2.png"
"comp_lenfit_sampsize_flt2mkt2.png","N-EffN comparison, length comps, retained, SummerN","LenComp",2016-10-25 16:42:14,"StartTime: Tue May 12 11:25:22 2015","comp_lenfit_sampsize_flt2mkt2.png",".",".","./comp_lenfit_sampsize_flt2mkt2.png"
"comp_lenfit_data_weighting_TA1.8_SummerN.png","Francis data weighting method TA1.8 SummerN <br> Suggested sample size adjustment (with 95% interval) for len data from SummerN:<br>1.1169 (0.7709-1.8258)","LenComp",2016-10-25 16:42:14,"StartTime: Tue May 12 11:25:22 2015","comp_lenfit_data_weighting_TA1.8_SummerN.png",".",".","./comp_lenfit_data_weighting_TA1.8_SummerN.png"
"comp_lenfit_flt2mkt1.png","length comps, discard, SummerN","LenComp",2016-10-25 16:42:14,"StartTime: Tue May 12 11:25:22 2015","comp_lenfit_flt2mkt1.png",".",".","./comp_lenfit_flt2mkt1.png"
"comp_lenfit_residsflt2mkt1.png","Pearson residuals, discard, SummerN (max=6.65) <br> 
Closed bubbles are positive residuals (observed > expected) and open bubbles are negative residuals (observed < expected).","LenComp",2016-10-25 16:42:14,"StartTime: Tue May 12 11:25:22 2015","comp_lenfit_residsflt2mkt1.png",".",".","./comp_lenfit_residsflt2mkt1.png"
"comp_lenfit_sampsize_flt2mkt1.png","N-EffN comparison, length comps, discard, SummerN","LenComp",2016-10-25 16:42:14,"StartTime: Tue May 12 11:25:22 2015","comp_lenfit_sampsize_flt2mkt1.png",".",".","./comp_lenfit_sampsize_flt2mkt1.png"
"comp_lenfit_data_weighting_TA1.8_SummerN.png","Francis data weighting method TA1.8 SummerN <br> Suggested sample size adjustment (with 95% interval) for len data from SummerN:<br>1.1169 (0.7762-1.8554)","LenComp",2016-10-25 16:42:14,"StartTime: Tue May 12 11:25:22 2015","comp_lenfit_data_weighting_TA1.8_SummerN.png",".",".","./comp_lenfit_data_weighting_TA1.8_SummerN.png"
"comp_lenfit_flt3mkt2_page1.png","length comps, retained, WinterS (plot 1 of 2)","LenComp",2016-10-25 16:42:14,"StartTime: Tue May 12 11:25:22 2015","comp_lenfit_flt3mkt2_page1.png",".",".","./comp_lenfit_flt3mkt2_page1.png"
"comp_lenfit_flt3mkt2_page2.png","length comps, retained, WinterS (plot 2 of 2)","LenComp",2016-10-25 16:42:14,"StartTime: Tue May 12 11:25:22 2015","comp_lenfit_flt3mkt2_page2.png",".",".","./comp_lenfit_flt3mkt2_page2.png"
"comp_lenfit_residsflt3mkt2_page2.png","Pearson residuals, retained, WinterS (max=4.99) (plot 2 of 2) <br> 
Closed bubbles are positive residuals (observed > expected) and open bubbles are negative residuals (observed < expected).","LenComp",2016-10-25 16:42:14,"StartTime: Tue May 12 11:25:22 2015","comp_lenfit_residsflt3mkt2_page2.png",".",".","./comp_lenfit_residsflt3mkt2_page2.png"
"comp_lenfit_sampsize_flt3mkt2.png","N-EffN comparison, length comps, retained, WinterS","LenComp",2016-10-25 16:42:14,"StartTime: Tue May 12 11:25:22 2015","comp_lenfit_sampsize_flt3mkt2.png",".",".","./comp_lenfit_sampsize_flt3mkt2.png"
"comp_lenfit_data_weighting_TA1.8_WinterS.png","Francis data weighting method TA1.8 WinterS <br> Suggested sample size adjustment (with 95% interval) for len data from WinterS:<br>0.8831 (0.6933-1.2961)","LenComp",2016-10-25 16:42:14,"StartTime: Tue May 12 11:25:22 2015","comp_lenfit_data_weighting_TA1.8_WinterS.png",".",".","./comp_lenfit_data_weighting_TA1.8_WinterS.png"
"comp_lenfit_flt3mkt1.png","length comps, discard, WinterS","LenComp",2016-10-25 16:42:14,"StartTime: Tue May 12 11:25:22 2015","comp_lenfit_flt3mkt1.png",".",".","./comp_lenfit_flt3mkt1.png"
"comp_lenfit_residsflt3mkt1.png","Pearson residuals, discard, WinterS (max=3.52) <br> 
Closed bubbles are positive residuals (observed > expected) and open bubbles are negative residuals (observed < expected).","LenComp",2016-10-25 16:42:14,"StartTime: Tue May 12 11:25:22 2015","comp_lenfit_residsflt3mkt1.png",".",".","./comp_lenfit_residsflt3mkt1.png"
"comp_lenfit_sampsize_flt3mkt1.png","N-EffN comparison, length comps, discard, WinterS","LenComp",2016-10-25 16:42:14,"StartTime: Tue May 12 11:25:22 2015","comp_lenfit_sampsize_flt3mkt1.png",".",".","./comp_lenfit_sampsize_flt3mkt1.png"
"comp_lenfit_data_weighting_TA1.8_WinterS.png","Francis data weighting method TA1.8 WinterS <br> Suggested sample size adjustment (with 95% interval) for len data from WinterS:<br>0.8831 (0.697-1.2983)","LenComp",2016-10-25 16:42:14,"StartTime: Tue May 12 11:25:22 2015","comp_lenfit_data_weighting_TA1.8_WinterS.png",".",".","./comp_lenfit_data_weighting_TA1.8_WinterS.png"
"comp_lenfit_flt4mkt2_page1.png","length comps, retained, SummerS (plot 1 of 2)","LenComp",2016-10-25 16:42:14,"StartTime: Tue May 12 11:25:22 2015","comp_lenfit_flt4mkt2_page1.png",".",".","./comp_lenfit_flt4mkt2_page1.png"
"comp_lenfit_flt4mkt2_page2.png","length comps, retained, SummerS (plot 2 of 2)","LenComp",2016-10-25 16:42:14,"StartTime: Tue May 12 11:25:22 2015","comp_lenfit_flt4mkt2_page2.png",".",".","./comp_lenfit_flt4mkt2_page2.png"
"comp_lenfit_residsflt4mkt2_page2.png","Pearson residuals, retained, SummerS (max=9.32) (plot 2 of 2) <br> 
Closed bubbles are positive residuals (observed > expected) and open bubbles are negative residuals (observed < expected).","LenComp",2016-10-25 16:42:14,"StartTime: Tue May 12 11:25:22 2015","comp_lenfit_residsflt4mkt2_page2.png",".",".","./comp_lenfit_residsflt4mkt2_page2.png"
"comp_lenfit_sampsize_flt4mkt2.png","N-EffN comparison, length comps, retained, SummerS","LenComp",2016-10-25 16:42:14,"StartTime: Tue May 12 11:25:22 2015","comp_lenfit_sampsize_flt4mkt2.png",".",".","./comp_lenfit_sampsize_flt4mkt2.png"
"comp_lenfit_data_weighting_TA1.8_SummerS.png","Francis data weighting method TA1.8 SummerS <br> Suggested sample size adjustment (with 95% interval) for len data from SummerS:<br>0.3826 (0.2731-0.6019)","LenComp",2016-10-25 16:42:14,"StartTime: Tue May 12 11:25:22 2015","comp_lenfit_data_weighting_TA1.8_SummerS.png",".",".","./comp_lenfit_data_weighting_TA1.8_SummerS.png"
"comp_lenfit_flt4mkt1.png","length comps, discard, SummerS","LenComp",2016-10-25 16:42:14,"StartTime: Tue May 12 11:25:22 2015","comp_lenfit_flt4mkt1.png",".",".","./comp_lenfit_flt4mkt1.png"
"comp_lenfit_residsflt4mkt1.png","Pearson residuals, discard, SummerS (max=8.45) <br> 
Closed bubbles are positive residuals (observed > expected) and open bubbles are negative residuals (observed < expected).","LenComp",2016-10-25 16:42:14,"StartTime: Tue May 12 11:25:22 2015","comp_lenfit_residsflt4mkt1.png",".",".","./comp_lenfit_residsflt4mkt1.png"
"comp_lenfit_sampsize_flt4mkt1.png","N-EffN comparison, length comps, discard, SummerS","LenComp",2016-10-25 16:42:14,"StartTime: Tue May 12 11:25:22 2015","comp_lenfit_sampsize_flt4mkt1.png",".",".","./comp_lenfit_sampsize_flt4mkt1.png"
"comp_lenfit_data_weighting_TA1.8_SummerS.png","Francis data weighting method TA1.8 SummerS <br> Suggested sample size adjustment (with 95% interval) for len data from SummerS:<br>0.3826 (0.2689-0.6328)","LenComp",2016-10-25 16:42:14,"StartTime: Tue May 12 11:25:22 2015","comp_lenfit_data_weighting_TA1.8_SummerS.png",".",".","./comp_lenfit_data_weighting_TA1.8_SummerS.png"
"comp_lenfit_flt5mkt0.png","length comps, whole catch, TriEarly","LenComp",2016-10-25 16:42:14,"StartTime: Tue May 12 11:25:22 2015","comp_lenfit_flt5mkt0.png",".",".","./comp_lenfit_flt5mkt0.png"
"comp_lenfit_residsflt5mkt0.png","Pearson residuals, whole catch, TriEarly (max=6.29) <br> 
Closed bubbles are positive residuals (observed > expected) and open bubbles are negative residuals (observed < expected).","LenComp",2016-10-25 16:42:14,"StartTime: Tue May 12 11:25:22 2015","comp_lenfit_residsflt5mkt0.png",".",".","./comp_lenfit_residsflt5mkt0.png"
"comp_lenfit_sampsize_flt5mkt0.png","N-EffN comparison, length comps, whole catch, TriEarly","LenComp",2016-10-25 16:42:14,"StartTime: Tue May 12 11:25:22 2015","comp_lenfit_sampsize_flt5mkt0.png",".",".","./comp_lenfit_sampsize_flt5mkt0.png"
"comp_lenfit_data_weighting_TA1.8_TriEarly.png","Francis data weighting method TA1.8 TriEarly <br> Suggested sample size adjustment (with 95% interval) for len data from TriEarly:<br>0.2344 (0.191-Inf)","LenComp",2016-10-25 16:42:14,"StartTime: Tue May 12 11:25:22 2015","comp_lenfit_data_weighting_TA1.8_TriEarly.png",".",".","./comp_lenfit_data_weighting_TA1.8_TriEarly.png"
"comp_lenfit_flt6mkt0.png","length comps, whole catch, TriLate","LenComp",2016-10-25 16:42:14,"StartTime: Tue May 12 11:25:22 2015","comp_lenfit_flt6mkt0.png",".",".","./comp_lenfit_flt6mkt0.png"
"comp_lenfit_residsflt6mkt0.png","Pearson residuals, whole catch, TriLate (max=3.66) <br> 
Closed bubbles are positive residuals (observed > expected) and open bubbles are negative residuals (observed < expected).","LenComp",2016-10-25 16:42:14,"StartTime: Tue May 12 11:25:22 2015","comp_lenfit_residsflt6mkt0.png",".",".","./comp_lenfit_residsflt6mkt0.png"
"comp_lenfit_sampsize_flt6mkt0.png","N-EffN comparison, length comps, whole catch, TriLate","LenComp",2016-10-25 16:42:14,"StartTime: Tue May 12 11:25:22 2015","comp_lenfit_sampsize_flt6mkt0.png",".",".","./comp_lenfit_sampsize_flt6mkt0.png"
"comp_lenfit_data_weighting_TA1.8_TriLate.png","Francis data weighting method TA1.8 TriLate <br> Suggested sample size adjustment (with 95% interval) for len data from TriLate:<br>0.3192 (0.2036-125.2969)","LenComp",2016-10-25 16:42:14,"StartTime: Tue May 12 11:25:22 2015","comp_lenfit_data_weighting_TA1.8_TriLate.png",".",".","./comp_lenfit_data_weighting_TA1.8_TriLate.png"
"comp_lenfit_flt7mkt0.png","length comps, whole catch, NWFSC","LenComp",2016-10-25 16:42:14,"StartTime: Tue May 12 11:25:22 2015","comp_lenfit_flt7mkt0.png",".",".","./comp_lenfit_flt7mkt0.png"
"comp_lenfit_residsflt7mkt0.png","Pearson residuals, whole catch, NWFSC (max=5.3) <br> 
Closed bubbles are positive residuals (observed > expected) and open bubbles are negative residuals (observed < expected).","LenComp",2016-10-25 16:42:14,"StartTime: Tue May 12 11:25:22 2015","comp_lenfit_residsflt7mkt0.png",".",".","./comp_lenfit_residsflt7mkt0.png"
"comp_lenfit_sampsize_flt7mkt0.png","N-EffN comparison, length comps, whole catch, NWFSC","LenComp",2016-10-25 16:42:14,"StartTime: Tue May 12 11:25:22 2015","comp_lenfit_sampsize_flt7mkt0.png",".",".","./comp_lenfit_sampsize_flt7mkt0.png"
"comp_lenfit_data_weighting_TA1.8_NWFSC.png","Francis data weighting method TA1.8 NWFSC <br> Suggested sample size adjustment (with 95% interval) for len data from NWFSC:<br>0.6277 (0.3753-1.7154)","LenComp",2016-10-25 16:42:14,"StartTime: Tue May 12 11:25:22 2015","comp_lenfit_data_weighting_TA1.8_NWFSC.png",".",".","./comp_lenfit_data_weighting_TA1.8_NWFSC.png"
"comp_lenfit_mkt2_aggregated_across_time.png","length comps, retained, aggregated across time by fleet","LenComp",2016-10-25 16:42:14,"StartTime: Tue May 12 11:25:22 2015","comp_lenfit_mkt2_aggregated_across_time.png",".",".","./comp_lenfit_mkt2_aggregated_across_time.png"
"comp_lenfit_mkt1_aggregated_across_time.png","length comps, discard, aggregated across time by fleet","LenComp",2016-10-25 16:42:14,"StartTime: Tue May 12 11:25:22 2015","comp_lenfit_mkt1_aggregated_across_time.png",".",".","./comp_lenfit_mkt1_aggregated_across_time.png"
"comp_lenfit_mkt0_aggregated_across_time.png","length comps, whole catch, aggregated across time by fleet","LenComp",2016-10-25 16:42:14,"StartTime: Tue May 12 11:25:22 2015","comp_lenfit_mkt0_aggregated_across_time.png",".",".","./comp_lenfit_mkt0_aggregated_across_time.png"
"comp_lenfit_sex1mkt1_multi-fleet_comparison.png","Note: this plot doesn't seem to be working right for some models.<br><br> Pearson residuals, sexes combined, discard, comparing across fleets <br> 
Closed bubbles are positive residuals (observed > expected) and open bubbles are negative residuals (observed < expected).","LenComp",2016-10-25 16:42:14,"StartTime: Tue May 12 11:25:22 2015","comp_lenfit_sex1mkt1_multi-fleet_comparison.png",".",".","./comp_lenfit_sex1mkt1_multi-fleet_comparison.png"
"comp_lenfit_sex2mkt2_multi-fleet_comparison.png","Note: this plot doesn't seem to be working right for some models.<br><br> Pearson residuals, female, retained, comparing across fleets <br> 
Closed bubbles are positive residuals (observed > expected) and open bubbles are negative residuals (observed < expected).","LenComp",2016-10-25 16:42:14,"StartTime: Tue May 12 11:25:22 2015","comp_lenfit_sex2mkt2_multi-fleet_comparison.png",".",".","./comp_lenfit_sex2mkt2_multi-fleet_comparison.png"
"comp_lenfit_sex2mkt1_multi-fleet_comparison.png","Note: this plot doesn't seem to be working right for some models.<br><br> Pearson residuals, female, discard, comparing across fleets <br> 
Closed bubbles are positive residuals (observed > expected) and open bubbles are negative residuals (observed < expected).","LenComp",2016-10-25 16:42:14,"StartTime: Tue May 12 11:25:22 2015","comp_lenfit_sex2mkt1_multi-fleet_comparison.png",".",".","./comp_lenfit_sex2mkt1_multi-fleet_comparison.png"
"comp_lenfit_sex2mkt0_multi-fleet_comparison.png","Note: this plot doesn't seem to be working right for some models.<br><br> Pearson residuals, female, whole catch, comparing across fleets <br> 
Closed bubbles are positive residuals (observed > expected) and open bubbles are negative residuals (observed < expected).","LenComp",2016-10-25 16:42:14,"StartTime: Tue May 12 11:25:22 2015","comp_lenfit_sex2mkt0_multi-fleet_comparison.png",".",".","./comp_lenfit_sex2mkt0_multi-fleet_comparison.png"
"comp_lenfit_sex3mkt2_multi-fleet_comparison.png","Note: this plot doesn't seem to be working right for some models.<br><br> Pearson residuals, male, retained, comparing across fleets <br> 
Closed bubbles are positive residuals (observed > expected) and open bubbles are negative residuals (observed < expected).","LenComp",2016-10-25 16:42:14,"StartTime: Tue May 12 11:25:22 2015","comp_lenfit_sex3mkt2_multi-fleet_comparison.png",".",".","./comp_lenfit_sex3mkt2_multi-fleet_comparison.png"
"comp_lenfit_sex3mkt1_multi-fleet_comparison.png","Note: this plot doesn't seem to be working right for some models.<br><br> Pearson residuals, male, discard, comparing across fleets <br> 
Closed bubbles are positive residuals (observed > expected) and open bubbles are negative residuals (observed < expected).","LenComp",2016-10-25 16:42:14,"StartTime: Tue May 12 11:25:22 2015","comp_lenfit_sex3mkt1_multi-fleet_comparison.png",".",".","./comp_lenfit_sex3mkt1_multi-fleet_comparison.png"
"comp_lenfit_sex3mkt0_multi-fleet_comparison.png","Note: this plot doesn't seem to be working right for some models.<br><br> Pearson residuals, male, whole catch, comparing across fleets <br> 
Closed bubbles are positive residuals (observed > expected) and open bubbles are negative residuals (observed < expected).","LenComp",2016-10-25 16:42:14,"StartTime: Tue May 12 11:25:22 2015","comp_lenfit_sex3mkt0_multi-fleet_comparison.png",".",".","./comp_lenfit_sex3mkt0_multi-fleet_comparison.png"
"comp_agefit_flt1mkt0_page1.png","age comps, whole catch, WinterN (plot 1 of 2)","AgeComp",2016-10-25 16:42:14,"StartTime: Tue May 12 11:25:22 2015","comp_agefit_flt1mkt0_page1.png",".",".","./comp_agefit_flt1mkt0_page1.png"
"comp_agefit_flt1mkt0_page2.png","age comps, whole catch, WinterN (plot 2 of 2)","AgeComp",2016-10-25 16:42:14,"StartTime: Tue May 12 11:25:22 2015","comp_agefit_flt1mkt0_page2.png",".",".","./comp_agefit_flt1mkt0_page2.png"
"comp_agefit_residsflt1mkt0_page2.png","Pearson residuals, whole catch, WinterN (max=5.11) (plot 2 of 2) <br> 
Closed bubbles are positive residuals (observed > expected) and open bubbles are negative residuals (observed < expected).","AgeComp",2016-10-25 16:42:14,"StartTime: Tue May 12 11:25:22 2015","comp_agefit_residsflt1mkt0_page2.png",".",".","./comp_agefit_residsflt1mkt0_page2.png"
"comp_agefit_sampsize_flt1mkt0.png","N-EffN comparison, age comps, whole catch, WinterN","AgeComp",2016-10-25 16:42:14,"StartTime: Tue May 12 11:25:22 2015","comp_agefit_sampsize_flt1mkt0.png",".",".","./comp_agefit_sampsize_flt1mkt0.png"
"comp_agefit_data_weighting_TA1.8_WinterN.png","Francis data weighting method TA1.8 WinterN <br> Suggested sample size adjustment (with 95% interval) for age data from WinterN:<br>0.4854 (0.3116-0.9618)","AgeComp",2016-10-25 16:42:14,"StartTime: Tue May 12 11:25:22 2015","comp_agefit_data_weighting_TA1.8_WinterN.png",".",".","./comp_agefit_data_weighting_TA1.8_WinterN.png"
"comp_agefit_flt2mkt0_page1.png","age comps, whole catch, SummerN (plot 1 of 2)","AgeComp",2016-10-25 16:42:14,"StartTime: Tue May 12 11:25:22 2015","comp_agefit_flt2mkt0_page1.png",".",".","./comp_agefit_flt2mkt0_page1.png"
"comp_agefit_flt2mkt0_page2.png","age comps, whole catch, SummerN (plot 2 of 2)","AgeComp",2016-10-25 16:42:14,"StartTime: Tue May 12 11:25:22 2015","comp_agefit_flt2mkt0_page2.png",".",".","./comp_agefit_flt2mkt0_page2.png"
"comp_agefit_residsflt2mkt0_page2.png","Pearson residuals, whole catch, SummerN (max=4.01) (plot 2 of 2) <br> 
Closed bubbles are positive residuals (observed > expected) and open bubbles are negative residuals (observed < expected).","AgeComp",2016-10-25 16:42:14,"StartTime: Tue May 12 11:25:22 2015","comp_agefit_residsflt2mkt0_page2.png",".",".","./comp_agefit_residsflt2mkt0_page2.png"
"comp_agefit_sampsize_flt2mkt0.png","N-EffN comparison, age comps, whole catch, SummerN","AgeComp",2016-10-25 16:42:14,"StartTime: Tue May 12 11:25:22 2015","comp_agefit_sampsize_flt2mkt0.png",".",".","./comp_agefit_sampsize_flt2mkt0.png"
"comp_agefit_data_weighting_TA1.8_SummerN.png","Francis data weighting method TA1.8 SummerN <br> Suggested sample size adjustment (with 95% interval) for age data from SummerN:<br>0.8933 (0.5857-1.6314)","AgeComp",2016-10-25 16:42:14,"StartTime: Tue May 12 11:25:22 2015","comp_agefit_data_weighting_TA1.8_SummerN.png",".",".","./comp_agefit_data_weighting_TA1.8_SummerN.png"
"comp_agefit_flt3mkt0.png","age comps, whole catch, WinterS","AgeComp",2016-10-25 16:42:14,"StartTime: Tue May 12 11:25:22 2015","comp_agefit_flt3mkt0.png",".",".","./comp_agefit_flt3mkt0.png"
"comp_agefit_residsflt3mkt0.png","Pearson residuals, whole catch, WinterS (max=7.39) <br> 
Closed bubbles are positive residuals (observed > expected) and open bubbles are negative residuals (observed < expected).","AgeComp",2016-10-25 16:42:14,"StartTime: Tue May 12 11:25:22 2015","comp_agefit_residsflt3mkt0.png",".",".","./comp_agefit_residsflt3mkt0.png"
"comp_agefit_sampsize_flt3mkt0.png","N-EffN comparison, age comps, whole catch, WinterS","AgeComp",2016-10-25 16:42:14,"StartTime: Tue May 12 11:25:22 2015","comp_agefit_sampsize_flt3mkt0.png",".",".","./comp_agefit_sampsize_flt3mkt0.png"
"comp_agefit_data_weighting_TA1.8_WinterS.png","Francis data weighting method TA1.8 WinterS <br> Suggested sample size adjustment (with 95% interval) for age data from WinterS:<br>0.7751 (0.5325-1.3326)","AgeComp",2016-10-25 16:42:14,"StartTime: Tue May 12 11:25:22 2015","comp_agefit_data_weighting_TA1.8_WinterS.png",".",".","./comp_agefit_data_weighting_TA1.8_WinterS.png"
"comp_agefit_flt4mkt0.png","age comps, whole catch, SummerS","AgeComp",2016-10-25 16:42:14,"StartTime: Tue May 12 11:25:22 2015","comp_agefit_flt4mkt0.png",".",".","./comp_agefit_flt4mkt0.png"
"comp_agefit_residsflt4mkt0.png","Pearson residuals, whole catch, SummerS (max=6.16) <br> 
Closed bubbles are positive residuals (observed > expected) and open bubbles are negative residuals (observed < expected).","AgeComp",2016-10-25 16:42:14,"StartTime: Tue May 12 11:25:22 2015","comp_agefit_residsflt4mkt0.png",".",".","./comp_agefit_residsflt4mkt0.png"
"comp_agefit_sampsize_flt4mkt0.png","N-EffN comparison, age comps, whole catch, SummerS","AgeComp",2016-10-25 16:42:14,"StartTime: Tue May 12 11:25:22 2015","comp_agefit_sampsize_flt4mkt0.png",".",".","./comp_agefit_sampsize_flt4mkt0.png"
"comp_agefit_data_weighting_TA1.8_SummerS.png","Francis data weighting method TA1.8 SummerS <br> Suggested sample size adjustment (with 95% interval) for age data from SummerS:<br>0.5074 (0.3056-1.2677)","AgeComp",2016-10-25 16:42:14,"StartTime: Tue May 12 11:25:22 2015","comp_agefit_data_weighting_TA1.8_SummerS.png",".",".","./comp_agefit_data_weighting_TA1.8_SummerS.png"
"comp_agefit_mkt0_aggregated_across_time.png","age comps, whole catch, aggregated across time by fleet","AgeComp",2016-10-25 16:42:14,"StartTime: Tue May 12 11:25:22 2015","comp_agefit_mkt0_aggregated_across_time.png",".",".","./comp_agefit_mkt0_aggregated_across_time.png"
"comp_agefit_sex2mkt0_multi-fleet_comparison.png","Note: this plot doesn't seem to be working right for some models.<br><br> Pearson residuals, female, whole catch, comparing across fleets <br> 
Closed bubbles are positive residuals (observed > expected) and open bubbles are negative residuals (observed < expected).","AgeComp",2016-10-25 16:42:14,"StartTime: Tue May 12 11:25:22 2015","comp_agefit_sex2mkt0_multi-fleet_comparison.png",".",".","./comp_agefit_sex2mkt0_multi-fleet_comparison.png"
"comp_agefit_sex3mkt0_multi-fleet_comparison.png","Note: this plot doesn't seem to be working right for some models.<br><br> Pearson residuals, male, whole catch, comparing across fleets <br> 
Closed bubbles are positive residuals (observed > expected) and open bubbles are negative residuals (observed < expected).","AgeComp",2016-10-25 16:42:14,"StartTime: Tue May 12 11:25:22 2015","comp_agefit_sex3mkt0_multi-fleet_comparison.png",".",".","./comp_agefit_sex3mkt0_multi-fleet_comparison.png"
"comp_condAALfit_residsflt7mkt0_page1.png","Pearson residuals, whole catch, NWFSC (max=6.28) (plot 1 of 2)","A@LComp",2016-10-25 16:42:14,"StartTime: Tue May 12 11:25:22 2015","comp_condAALfit_residsflt7mkt0_page1.png",".",".","./comp_condAALfit_residsflt7mkt0_page1.png"
"comp_condAALfit_residsflt7mkt0_page2.png","Pearson residuals, whole catch, NWFSC (max=6.28) (plot 2 of 2)","A@LComp",2016-10-25 16:42:14,"StartTime: Tue May 12 11:25:22 2015","comp_condAALfit_residsflt7mkt0_page2.png",".",".","./comp_condAALfit_residsflt7mkt0_page2.png"
"comp_condAALfit_data_weighting_TA1.8_condAgeNWFSC.png","Francis data weighting method TA1.8 for conditional age data NWFSC <br>For more info, see<br> <blockquote>Francis, R.I.C.C. (2011). Data weighting in statistical fisheries stock assessment models. <i>Can. J. Fish. Aquat. Sci.</i> 68: 1124-1138.</blockquote>","A@LComp",2016-10-25 16:42:14,"StartTime: Tue May 12 11:25:22 2015","comp_condAALfit_data_weighting_TA1.8_condAgeNWFSC.png",".",".","./comp_condAALfit_data_weighting_TA1.8_condAgeNWFSC.png"
"comp_condAALfit_Andre_plotsflt7mkt0_page1.png","Conditional AAL plot, whole catch, NWFSC (plot 1 of 4)
These plots show mean age and std. dev. in conditional A@L.<br>Left plots are mean A@L by size-class (obs. and pred.) with 90% CIs based on adding 1.64 SE of mean to the data.<br>Right plots in each pair are SE of mean A@L (obs. and pred.) with 90% CIs based on the chi-square distribution.","A@LComp",2016-10-25 16:42:14,"StartTime: Tue May 12 11:25:22 2015","comp_condAALfit_Andre_plotsflt7mkt0_page1.png",".",".","./comp_condAALfit_Andre_plotsflt7mkt0_page1.png"
"comp_condAALfit_Andre_plotsflt7mkt0_page2.png","Conditional AAL plot, whole catch, NWFSC (plot 2 of 4)
These plots show mean age and std. dev. in conditional A@L.<br>Left plots are mean A@L by size-class (obs. and pred.) with 90% CIs based on adding 1.64 SE of mean to the data.<br>Right plots in each pair are SE of mean A@L (obs. and pred.) with 90% CIs based on the chi-square distribution.","A@LComp",2016-10-25 16:42:14,"StartTime: Tue May 12 11:25:22 2015","comp_condAALfit_Andre_plotsflt7mkt0_page2.png",".",".","./comp_condAALfit_Andre_plotsflt7mkt0_page2.png"
"comp_condAALfit_Andre_plotsflt7mkt0_page3.png","Conditional AAL plot, whole catch, NWFSC (plot 3 of 4)
These plots show mean age and std. dev. in conditional A@L.<br>Left plots are mean A@L by size-class (obs. and pred.) with 90% CIs based on adding 1.64 SE of mean to the data.<br>Right plots in each pair are SE of mean A@L (obs. and pred.) with 90% CIs based on the chi-square distribution.","A@LComp",2016-10-25 16:42:14,"StartTime: Tue May 12 11:25:22 2015","comp_condAALfit_Andre_plotsflt7mkt0_page3.png",".",".","./comp_condAALfit_Andre_plotsflt7mkt0_page3.png"
"comp_condAALfit_Andre_plotsflt7mkt0_page4.png","Conditional AAL plot, whole catch, NWFSC (plot 4 of 4)
These plots show mean age and std. dev. in conditional A@L.<br>Left plots are mean A@L by size-class (obs. and pred.) with 90% CIs based on adding 1.64 SE of mean to the data.<br>Right plots in each pair are SE of mean A@L (obs. and pred.) with 90% CIs based on the chi-square distribution.","A@LComp",2016-10-25 16:42:14,"StartTime: Tue May 12 11:25:22 2015","comp_condAALfit_Andre_plotsflt7mkt0_page4.png",".",".","./comp_condAALfit_Andre_plotsflt7mkt0_page4.png"
"yield1_yield_curve.png","Yield curve","Yield",2016-10-25 16:42:14,"StartTime: Tue May 12 11:25:22 2015","yield1_yield_curve.png",".",".","./yield1_yield_curve.png"
"yield2_Hilborn_surplus_production.png","Surplus production plot. For interpretation, see<br> <blockquote>Walters, Hilborn, and  Christensen, 2008, Surplus production dynamics in declining and recovering fish populations. <i>Can. J. Fish. Aquat. Sci.</i> 65: 2536-2551.</blockquote>","Yield",2016-10-25 16:42:14,"StartTime: Tue May 12 11:25:22 2015","yield2_Hilborn_surplus_production.png",".",".","./yield2_Hilborn_surplus_production.png"
"data_plot.png","Data presence by year for each fleet","Data",2016-10-25 16:42:14,"StartTime: Tue May 12 11:25:22 2015","data_plot.png",".",".","./data_plot.png"
"data_plot2.png","Data presence by year for each fleet, where circle area is relative <br>  within a data type, and proportional to precision for indices and compositions, <br>  and absolute catch for catches.<br>  Note that since the circles are are scaled relative to maximum,<br>  scaling within separate plots should not be compared.","Data",2016-10-25 16:42:14,"StartTime: Tue May 12 11:25:22 2015","data_plot2.png",".",".","./data_plot2.png"
